0,1,n,1,1
0,1,n,1,1
1,0,H,1E+20,1.00E+20
1,1,H,1E+20,1.00E+20
1,2,H,12.32,12.32
1,3,H,1,1
1,4,H,1,1
1,5,H,NaN,
1,6,H,NaN,
2,1,He,1E+20,1.00E+20
2,2,He,1E+20,1.00E+20
2,3,He,1,1
2,4,He,806.7,806.7
2,5,He,1,1
2,6,He,119.1,119.1
2,7,He,NaN,
2,8,He,NaN,
3,1,Li,NaN,
3,2,Li,1,1
3,3,Li,1E+20,1.00E+20
3,4,Li,1E+20,1.00E+20
3,5,Li,839.9,839.9
3,6,Li,178.3,178.3
3,7,Li,NaN,
3,8,Li,8.75,8.75
3,9,Li,NaN,
4,1,Be,NaN,
4,2,Be,1,1
4,3,Be,53.22,53.22
4,4,Be,1,1
4,5,Be,1E+20,1.00E+20
4,6,Be,1510000,1.51E+06
4,7,Be,13.76,13.76
4,8,Be,21.3,21.3
4,9,Be,NaN,
4,10,Be,4.35,4.35
4,11,Be,NaN,
4,12,Be,NaN,
5,2,B,801,801
5,3,B,770,770
5,4,B,0.54,0.54
5,5,B,1E+20,1.00E+20
5,6,B,1E+20,1.00E+20
5,7,B,20.2,20.2
5,8,B,17.33,17.33
5,9,B,12.5,12.5
5,10,B,9.93,9.93
5,11,B,NaN,
5,12,B,5.08,5.08
5,13,B,NaN,
6,2,C,NaN,
6,3,C,126.5,126.5
6,4,C,19.29,19.29
6,5,C,20.364,20.364
6,6,C,1E+20,1.00E+20
6,7,C,1E+20,1.00E+20
6,8,C,5700,5700
6,9,C,2.449,2.449
6,10,C,0.747,0.747
6,11,C,193,193
6,12,C,92,92
6,13,C,NaN,
6,14,C,14,14
6,15,C,NaN,
6,16,C,6.1,6.1
7,3,N,NaN,
7,4,N,NaN,
7,5,N,11,11
7,6,N,9.965,9.965
7,7,N,1E+20,1.00E+20
7,8,N,1E+20,1.00E+20
7,9,N,7.13,7.13
7,10,N,4.173,4.173
7,11,N,624,624
7,12,N,271,271
7,13,N,130,130
7,14,N,84,84
7,15,N,23,23
7,16,N,14.1,14.1
7,17,N,NaN,
8,4,O,NaN,
8,5,O,8.58,8.58
8,6,O,70.606,70.606
8,7,O,122.24,122.24
8,8,O,1E+20,1.00E+20
8,9,O,1E+20,1.00E+20
8,10,O,1E+20,1.00E+20
8,11,O,26.88,26.88
8,12,O,13.51,13.51
8,13,O,3.42,3.42
8,14,O,2.25,2.25
8,15,O,82,82
8,16,O,65,65
8,17,O,NaN,
8,18,O,NaN,
8,19,O,NaN,
8,20,O,NaN,
9,5,F,NaN,
9,6,F,NaN,
9,7,F,NaN,
9,8,F,64.49,64.49
9,9,F,109.77,109.77
9,10,F,1E+20,1.00E+20
9,11,F,11.07,11.07
9,12,F,4.158,4.158
9,13,F,4.23,4.23
9,14,F,2.23,2.23
9,15,F,390,390
9,16,F,80,80
9,17,F,8.2,8.2
9,18,F,5,5
9,19,F,NaN,
9,20,F,2.5,2.5
9,21,F,NaN,
9,22,F,260,260
10,5,Ne,0.59,0.59
10,6,Ne,122,122
10,7,Ne,109.2,109.2
10,8,Ne,1672,1672
10,9,Ne,17.22,17.22
10,10,Ne,1E+20,1.00E+20
10,11,Ne,1E+20,1.00E+20
10,12,Ne,1E+20,1.00E+20
10,13,Ne,37.24,37.24
10,14,Ne,3.38,3.38
10,15,Ne,602,602
10,16,Ne,197,197
10,17,Ne,31.5,31.5
10,18,Ne,20,20
10,19,Ne,15,15
10,20,Ne,7.3,7.3
10,21,Ne,3.4,3.4
10,22,Ne,3.5,3.5
10,23,Ne,180,180
10,24,Ne,60,60
11,7,NA,0.2,0.2
11,8,NA,40,40
11,9,Na,447.9,447.9
11,10,Na,22.49,22.49
11,11,Na,2.6018,2.6018
11,12,Na,1E+20,1.00E+20
11,13,Na,14.997,14.997
11,14,Na,59.1,59.1
11,15,Na,1.07128,1.07128
11,16,Na,301,301
11,17,Na,30.5,30.5
11,18,Na,44.1,44.1
11,19,Na,48,48
11,20,Na,17.35,17.35
11,21,Na,13.2,13.2
11,22,Na,8,8
11,23,Na,5.5,5.5
11,24,Na,1.5,1.5
11,25,Na,180,180
11,26,Na,60,60
12,7,MG,0.000114,1.14E-04
12,8,Mg,93,93
12,9,Mg,122,122
12,10,Mg,3.8755,3.8755
12,11,Mg,11.317,11.317
12,12,Mg,1E+20,1.00E+20
12,13,Mg,1E+20,1.00E+20
12,14,Mg,1E+20,1.00E+20
12,15,Mg,9.458,9.458
12,16,Mg,20.915,20.915
12,17,Mg,1.3,1.3
12,18,Mg,335,335
12,19,Mg,236,236
12,20,Mg,86,86
12,21,Mg,90.5,90.5
12,22,Mg,20,20
12,23,Mg,70,70
12,24,Mg,3.9,3.9
12,25,Mg,8,8
12,26,Mg,260,260
12,27,Mg,180,180
12,28,Mg,170,170
13,8,Al,35,35
13,9,Al,91.1,91.1
13,10,Al,470,470
13,11,Al,2.053,2.053
13,12,Al,7.183,7.183
13,13,Al,717000,7.17E+05
13,14,Al,1E+20,1.00E+20
13,15,Al,2.245,2.245
13,16,Al,6.56,6.56
13,17,Al,3.62,3.62
13,18,Al,644,644
13,19,Al,33,33
13,20,Al,41.7,41.7
13,21,Al,56.3,56.3
13,22,Al,37.2,37.2
13,23,Al,90,90
13,24,Al,10.7,10.7
13,25,Al,7.6,7.6
13,26,Al,7.6,7.6
13,27,Al,260,260
13,28,Al,0,0
13,29,Al,170,170
13,30,AL,170,170
14,8,Si,29,29
14,9,Si,42.3,42.3
14,10,Si,140,140
14,11,Si,220,220
14,12,Si,2.2453,2.2453
14,13,Si,4.15,4.15
14,14,Si,1E+20,1.00E+20
14,15,Si,1E+20,1.00E+20
14,16,Si,1E+20,1.00E+20
14,17,Si,157.36,157.36
14,18,Si,153,153
14,19,Si,6.11,6.11
14,20,Si,2.77,2.77
14,21,Si,0.78,0.78
14,22,Si,0.45,0.45
14,23,Si,90,90
14,24,Si,1,1
14,25,Si,47.5,47.5
14,26,Si,33,33
14,27,Si,20,20
14,28,Si,12.5,12.5
14,29,Si,60,60
14,30,Si,360,360
15,10,P,30,30
15,11,P,43.7,43.7
15,12,P,260,260
15,13,P,270.3,270.3
15,14,P,4.142,4.142
15,15,P,2.498,2.498
15,16,P,1E+20,1.00E+20
15,17,P,14.268,14.268
15,18,P,25.35,25.35
15,19,P,12.43,12.43
15,20,P,47.3,47.3
15,21,P,5.6,5.6
15,22,P,2.31,2.31
15,23,P,0.64,0.64
15,24,P,0.28,0.28
15,25,P,150,150
15,26,P,101,101
15,27,P,48.5,48.5
15,28,P,36.5,36.5
15,29,P,18.5,18.5
15,30,P,200,200
15,31,P,0,0
16,10,S,79,79
16,11,S,15.5,15.5
16,12,S,125,125
16,13,S,188,188
16,14,S,1.178,1.178
16,15,S,2.5534,2.5534
16,16,S,1E+20,1.00E+20
16,17,S,1E+20,1.00E+20
16,18,S,1E+20,1.00E+20
16,19,S,87.37,87.37
16,20,S,1E+20,1.00E+20
16,21,S,5.05,5.05
16,22,S,170.3,170.3
16,23,S,11.5,11.5
16,24,S,8.8,8.8
16,25,S,1.99,1.99
16,26,S,1.016,1.016
16,27,S,265,265
16,28,S,100,100
16,29,S,68,68
16,30,S,50,50
16,31,S,0,0
16,32,S,200,200
17,12,Cl,20,20
17,13,Cl,30,30
17,14,Cl,190,190
17,15,Cl,298,298
17,16,Cl,2.511,2.511
17,17,Cl,1.5266,1.5266
17,18,Cl,0,0
17,19,Cl,301000,3.01E+05
17,20,Cl,1E+20,1.00E+20
17,21,Cl,37.24,37.24
17,22,Cl,56.2,56.2
17,23,Cl,1.35,1.35
17,24,Cl,38.4,38.4
17,25,Cl,6.8,6.8
17,26,Cl,3.13,3.13
17,27,Cl,0.56,0.56
17,28,Cl,413,413
17,29,Cl,232,232
17,30,Cl,101,101
17,31,Cl,200,200
17,32,Cl,170,170
17,33,CL,620,620
17,34,Cl,200,200
18,12,Ar,10,10
18,13,Ar,14.4,14.4
18,14,Ar,98,98
18,15,Ar,173,173
18,16,Ar,843.8,843.8
18,17,Ar,1.7756,1.7756
18,18,Ar,1E+20,1.00E+20
18,19,Ar,35.011,35.011
18,20,Ar,1E+20,1.00E+20
18,21,Ar,269,269
18,22,Ar,1E+20,1.00E+20
18,23,Ar,109.61,109.61
18,24,Ar,32.9,32.9
18,25,Ar,5.37,5.37
18,26,Ar,11.87,11.87
18,27,Ar,21.48,21.48
18,28,Ar,8.4,8.4
18,29,Ar,1.23,1.23
18,30,Ar,475,475
18,31,Ar,170,170
18,32,Ar,106,106
18,33,Ar,80,80
18,34,Ar,620,620
18,35,Ar,620,620
19,14,K,25,25
19,15,K,25,25
19,16,K,178,178
19,17,K,341,341
19,18,K,1.225,1.225
19,19,K,7.636,7.636
19,20,K,1E+20,1.00E+20
19,21,K,1250000000,1.25E+09
19,22,K,1E+20,1.00E+20
19,23,K,12.355,12.355
19,24,K,22.3,22.3
19,25,K,22.13,22.13
19,26,K,17.81,17.81
19,27,K,105,105
19,28,K,17.5,17.5
19,29,K,6.8,6.8
19,30,K,1.26,1.26
19,31,K,472,472
19,32,K,365,365
19,33,K,110,110
19,34,K,30,30
19,35,K,10,10
19,36,K,360,360
19,37,K,620,620
20,14,Ca,35,35
20,15,Ca,25.7,25.7
20,16,Ca,101.2,101.2
20,17,Ca,181.1,181.1
20,18,Ca,440,440
20,19,Ca,859.6,859.6
20,20,Ca,1E+20,1.00E+20
20,21,Ca,99400,9.94E+04
20,22,Ca,1E+20,1.00E+20
20,23,Ca,1E+20,1.00E+20
20,24,Ca,1E+20,1.00E+20
20,25,Ca,162.61,162.61
20,26,Ca,1E+20,1.00E+20
20,27,Ca,4.536,4.536
20,28,Ca,1.9E+19,1.90E+19
20,29,Ca,8.718,8.718
20,30,Ca,13.9,13.9
20,31,Ca,10,10
20,32,Ca,4.6,4.6
20,33,Ca,461,461
20,34,Ca,107,107
20,35,Ca,22,22
20,36,Ca,11,11
20,37,CA,620,620
20,38,CA,620,620
21,17,Sc,NaN,
21,18,Sc,300,300
21,19,Sc,182.3,182.3
21,20,Sc,596.3,596.3
21,21,Sc,680.79,680.79
21,22,Sc,3.891,3.891
21,23,Sc,3.97,3.97
21,24,Sc,1E+20,1.00E+20
21,25,Sc,83.79,83.79
21,26,Sc,3.3492,3.3492
21,27,Sc,43.67,43.67
21,28,Sc,57.18,57.18
21,29,Sc,102.5,102.5
21,30,Sc,12.4,12.4
21,31,Sc,8.2,8.2
21,32,Sc,2.6,2.6
21,33,Sc,526,526
21,34,Sc,105,105
21,35,Sc,26,26
21,36,Sc,13,13
21,37,SC,12,12
21,38,SC,360,360
21,40,SC,620,620
22,16,Ti,NaN,
22,17,Ti,31,31
22,18,Ti,53.3,53.3
22,19,Ti,81.9,81.9
22,20,Ti,208.65,208.65
22,21,Ti,509,509
22,22,Ti,59.1,59.1
22,23,Ti,184.8,184.8
22,24,Ti,1E+20,1.00E+20
22,25,Ti,1E+20,1.00E+20
22,26,Ti,1E+20,1.00E+20
22,27,Ti,1E+20,1.00E+20
22,28,Ti,1E+20,1.00E+20
22,29,Ti,5.76,5.76
22,30,Ti,1.7,1.7
22,31,Ti,32.7,32.7
22,32,Ti,2.1,2.1
22,33,Ti,1.3,1.3
22,34,Ti,0.2,0.2
22,35,Ti,98,98
22,36,Ti,58,58
22,37,Ti,58,58
22,38,Ti,22,22
22,39,TI,15,15
22,40,TI,620,620
22,41,TI,360,360
22,42,Ti,620,620
23,19,V,55,55
23,20,V,79.3,79.3
23,21,V,111,111
23,22,V,547,547
23,23,V,422.5,422.5
23,24,V,32.6,32.6
23,25,V,15.9735,15.9735
23,26,V,330,330
23,27,V,1.4E+17,1.40E+17
23,28,V,1E+20,1.00E+20
23,29,V,3.743,3.743
23,30,V,1.543,1.543
23,31,V,49.8,49.8
23,32,V,6.54,6.54
23,33,V,0.216,0.216
23,34,V,0.32,0.32
23,35,V,191,191
23,36,V,75,75
23,37,V,122,122
23,38,V,48.3,48.3
23,39,V,33.6,33.6
23,40,V,17,17
23,41,V,15,15
23,42,V,360,360
23,43,V,360,360
23,44,V,620,620
24,18,Cr,13.3,13.3
24,19,Cr,21.2,21.2
24,20,Cr,42.8,42.8
24,21,Cr,60.9,60.9
24,22,Cr,0.26,0.26
24,23,Cr,500,500
24,24,Cr,21.56,21.56
24,25,Cr,42.3,42.3
24,26,Cr,1.3E+18,1.30E+18
24,27,Cr,27.701,27.701
24,28,Cr,1E+20,1.00E+20
24,29,Cr,1E+20,1.00E+20
24,30,Cr,1E+20,1.00E+20
24,31,Cr,3.497,3.497
24,32,Cr,5.94,5.94
24,33,Cr,21.1,21.1
24,34,Cr,7,7
24,35,Cr,0.46,0.46
24,36,Cr,0.49,0.49
24,37,Cr,237,237
24,38,Cr,206,206
24,39,Cr,129,129
24,40,Cr,43,43
24,41,Cr,27,27
24,42,Cr,24,24
24,43,Cr,0,0
24,44,Cr,360,360
24,45,Cr,620,620
24,46,Cr,620,620
25,19,Mn,105,105
25,20,Mn,NaN,
25,21,Mn,36.2,36.2
25,22,Mn,100,100
25,23,Mn,158.1,158.1
25,24,Mn,382,382
25,25,Mn,283.19,283.19
25,26,Mn,46.2,46.2
25,27,Mn,5.591,5.591
25,28,Mn,3740000,3.74E+06
25,29,Mn,312.2,312.2
25,30,Mn,1E+20,1.00E+20
25,31,Mn,2.5789,2.5789
25,32,Mn,85.4,85.4
25,33,Mn,3,3
25,34,Mn,4.59,4.59
25,35,Mn,0.28,0.28
25,36,Mn,0.709,0.709
25,37,Mn,92,92
25,38,Mn,0.275,0.275
25,39,Mn,90,90
25,40,Mn,92,92
25,41,Mn,65,65
25,42,Mn,47,47
25,43,MN,28,28
25,44,Mn,16,16
25,45,MN,19.9,19.9
25,46,MN,637,637
25,47,MN,620,620
26,19,Fe,1.89,1.89
26,20,Fe,13,13
26,21,Fe,21.8,21.8
26,22,Fe,44,44
26,23,Fe,64.7,64.7
26,24,Fe,155,155
26,25,Fe,305,305
26,26,Fe,8.275,8.275
26,27,Fe,8.51,8.51
26,28,Fe,1E+20,1.00E+20
26,29,Fe,2.744,2.744
26,30,Fe,1E+20,1.00E+20
26,31,Fe,1E+20,1.00E+20
26,32,Fe,1E+20,1.00E+20
26,33,Fe,44.495,44.495
26,34,Fe,2620000,2.62E+06
26,35,Fe,5.98,5.98
26,36,Fe,68,68
26,37,Fe,6.1,6.1
26,38,Fe,2,2
26,39,Fe,0.81,0.81
26,40,Fe,440,440
26,41,Fe,0.6,0.6
26,42,Fe,188,188
26,43,Fe,110,110
26,44,Fe,65,65
26,45,Fe,28,28
26,46,Fe,150,150
26,47,Fe,12.9,12.9
26,48,Fe,638,638
26,49,Fe,620,620
27,23,Co,38.8,38.8
27,24,Co,200,200
27,25,Co,104,104
27,26,Co,240,240
27,27,Co,193.28,193.28
27,28,Co,17.53,17.53
27,29,Co,77.236,77.236
27,30,Co,271.74,271.74
27,31,Co,70.86,70.86
27,32,Co,1E+20,1.00E+20
27,33,Co,1925.28,1925.28
27,34,Co,1.649,1.649
27,35,Co,1.54,1.54
27,36,Co,27.4,27.4
27,37,Co,0.3,0.3
27,38,Co,1.16,1.16
27,39,Co,0.2,0.2
27,40,Co,0.425,0.425
27,41,Co,0.2,0.2
27,42,Co,227,227
27,43,Co,112,112
27,44,Co,80,80
27,45,CO,59.9,59.9
27,46,Co,40.7,40.7
27,47,Co,30,30
27,48,Co,30,30
27,49,CO,21.7,21.7
27,50,Co,13,13
28,20,Ni,2.1,2.1
28,21,Ni,7.5,7.5
28,22,Ni,18.5,18.5
28,23,Ni,200,200
28,24,Ni,40.8,40.8
28,25,Ni,55.2,55.2
28,26,Ni,114.2,114.2
28,27,Ni,204.7,204.7
28,28,Ni,6.075,6.075
28,29,Ni,35.6,35.6
28,30,Ni,1E+20,1.00E+20
28,31,Ni,76000,7.60E+04
28,32,Ni,1E+20,1.00E+20
28,33,Ni,1E+20,1.00E+20
28,34,Ni,1E+20,1.00E+20
28,35,Ni,101.2,101.2
28,36,Ni,1E+20,1.00E+20
28,37,Ni,2.5175,2.5175
28,38,Ni,54.6,54.6
28,39,Ni,21,21
28,40,Ni,29,29
28,41,Ni,11.4,11.4
28,42,Ni,6,6
28,43,Ni,2.56,2.56
28,44,Ni,1.57,1.57
28,45,Ni,0.84,0.84
28,46,Ni,0.68,0.68
28,47,Ni,344,344
28,48,Ni,0.238,0.238
28,49,Ni,128,128
28,50,Ni,0.11,0.11
28,51,NI,43,43
28,52,Ni,24,24
29,24,Cu,130,130
29,25,Cu,75,75
29,26,Cu,40,40
29,27,Cu,93,93
29,28,Cu,196.3,196.3
29,29,Cu,3.204,3.204
29,30,Cu,81.5,81.5
29,31,Cu,23.7,23.7
29,32,Cu,3.339,3.339
29,33,Cu,9.67,9.67
29,34,Cu,1E+20,1.00E+20
29,35,Cu,12.701,12.701
29,36,Cu,1E+20,1.00E+20
29,37,Cu,5.12,5.12
29,38,Cu,61.83,61.83
29,39,Cu,30.9,30.9
29,40,Cu,2.85,2.85
29,41,Cu,44.5,44.5
29,42,Cu,19.4,19.4
29,43,Cu,6.63,6.63
29,44,Cu,4.2,4.2
29,45,Cu,1.63,1.63
29,46,Cu,1.224,1.224
29,47,Cu,0.641,0.641
29,48,Cu,467.9,467.9
29,49,Cu,335,335
29,50,Cu,241,241
29,51,Cu,113.6,113.6
29,52,CU,73.2,73.2
29,53,CU,636,636
30,24,Zn,1.59,1.59
30,25,Zn,20,20
30,26,Zn,30,30
30,27,Zn,40,40
30,28,Zn,86.7,86.7
30,29,Zn,182,182
30,30,Zn,2.38,2.38
30,31,Zn,89.1,89.1
30,32,Zn,9.193,9.193
30,33,Zn,38.47,38.47
30,34,Zn,1E+20,1.00E+20
30,35,Zn,243.93,243.93
30,36,Zn,1E+20,1.00E+20
30,37,Zn,1E+20,1.00E+20
30,38,Zn,1E+20,1.00E+20
30,39,Zn,56.4,56.4
30,40,Zn,3.8E+18,3.80E+18
30,41,Zn,2.45,2.45
30,42,Zn,46.5,46.5
30,43,Zn,23.5,23.5
30,44,Zn,95.6,95.6
30,45,Zn,10.2,10.2
30,46,Zn,5.7,5.7
30,47,Zn,2.08,2.08
30,48,Zn,1.47,1.47
30,49,Zn,0.746,0.746
30,50,Zn,561.9,561.9
30,51,Zn,0.32,0.32
30,52,Zn,228,228
30,53,Zn,117,117
30,54,ZN,633,633
30,55,Zn,637,637
31,28,Ga,43,43
31,29,Ga,70,70
31,30,Ga,167,167
31,31,Ga,116.121,116.121
31,32,Ga,32.4,32.4
31,33,Ga,2.627,2.627
31,34,Ga,15.2,15.2
31,35,Ga,9.49,9.49
31,36,Ga,3.2617,3.2617
31,37,Ga,67.71,67.71
31,38,Ga,1E+20,1.00E+20
31,39,Ga,21.14,21.14
31,40,Ga,1E+20,1.00E+20
31,41,Ga,14.1,14.1
31,42,Ga,4.86,4.86
31,43,Ga,8.12,8.12
31,44,Ga,126,126
31,45,Ga,32.6,32.6
31,46,Ga,13.2,13.2
31,47,Ga,5.09,5.09
31,48,Ga,2.848,2.848
31,49,Ga,1.9,1.9
31,50,Ga,1.217,1.217
31,51,Ga,0.599,0.599
31,52,Ga,308.1,308.1
31,53,Ga,0.085,0.085
31,54,Ga,92,92
31,55,Ga,43,43
31,56,GA,634,634
32,27,Ge,360,360
32,28,GE,110,110
32,29,Ge,44,44
32,30,Ge,129,129
32,31,Ge,150,150
32,32,Ge,63.7,63.7
32,33,GE,30.9,30.9
32,34,Ge,2.26,2.26
32,35,Ge,18.9,18.9
32,36,Ge,270.93,270.93
32,37,Ge,39.05,39.05
32,38,Ge,1E+20,1.00E+20
32,39,Ge,11.43,11.43
32,40,Ge,1E+20,1.00E+20
32,41,Ge,1E+20,1.00E+20
32,42,Ge,1E+20,1.00E+20
32,43,Ge,82.78,82.78
32,44,Ge,1E+20,1.00E+20
32,45,Ge,11.211,11.211
32,46,Ge,88,88
32,47,Ge,18.98,18.98
32,48,Ge,29.5,29.5
32,49,Ge,7.6,7.6
32,50,Ge,4.56,4.56
32,51,Ge,1.85,1.85
32,52,Ge,0.954,0.954
32,53,Ge,503,503
32,54,Ge,226,226
32,55,Ge,0.14,0.14
32,56,Ge,300,300
32,57,Ge,300,300
32,58,GE,635,635
33,30,As,43,43
33,31,As,18,18
33,32,As,128,128
33,33,As,95.77,95.77
33,34,As,42.5,42.5
33,35,As,151.6,151.6
33,36,As,15.2,15.2
33,37,As,52.6,52.6
33,38,As,65.3,65.3
33,39,As,26,26
33,40,As,80.3,80.3
33,41,As,17.77,17.77
33,42,As,1E+20,1.00E+20
33,43,As,26.24,26.24
33,44,As,38.79,38.79
33,45,As,90.7,90.7
33,46,As,9.01,9.01
33,47,As,15.2,15.2
33,48,As,33.3,33.3
33,49,As,19.1,19.1
33,50,As,13.4,13.4
33,51,As,4.2,4.2
33,52,As,2.021,2.021
33,53,As,0.945,0.945
33,54,As,484,484
33,55,As,0.2,0.2
33,56,As,300,300
33,57,As,300,300
33,58,As,NaN,
33,59,As,NaN,
34,30,Se,180,180
34,31,Se,33,33
34,32,Se,42,42
34,33,Se,136,136
34,34,Se,35.5,35.5
34,35,Se,27.4,27.4
34,36,Se,41.1,41.1
34,37,Se,4.74,4.74
34,38,Se,8.4,8.4
34,39,Se,7.15,7.15
34,40,Se,1E+20,1.00E+20
34,41,Se,119.78,119.78
34,42,Se,1E+20,1.00E+20
34,43,Se,1E+20,1.00E+20
34,44,Se,1E+20,1.00E+20
34,45,Se,327000,3.27E+05
34,46,Se,1E+20,1.00E+20
34,47,Se,18.45,18.45
34,48,Se,1E+20,1.00E+20
34,49,Se,22.3,22.3
34,50,Se,3.26,3.26
34,51,Se,32.9,32.9
34,52,Se,14.3,14.3
34,53,Se,5.5,5.5
34,54,Se,1.53,1.53
34,55,Se,0.43,0.43
34,56,Se,195,195
34,57,Se,0.27,0.27
34,58,Se,0,0
34,59,Se,0,0
34,60,Se,150,150
34,61,Se,392,392
35,34,Br,24,24
35,35,Br,79.1,79.1
35,36,Br,21.4,21.4
35,37,Br,78.6,78.6
35,38,Br,3.4,3.4
35,39,Br,25.4,25.4
35,40,Br,96.7,96.7
35,41,Br,16.2,16.2
35,42,Br,57.04,57.04
35,43,Br,6.45,6.45
35,44,Br,1E+20,1.00E+20
35,45,Br,17.68,17.68
35,46,Br,1E+20,1.00E+20
35,47,Br,35.282,35.282
35,48,Br,2.374,2.374
35,49,Br,31.76,31.76
35,50,Br,2.9,2.9
35,51,Br,55.1,55.1
35,52,Br,55.68,55.68
35,53,Br,16.34,16.34
35,54,Br,4.357,4.357
35,55,Br,1.91,1.91
35,56,Br,0.543,0.543
35,57,Br,0.314,0.314
35,58,Br,102,102
35,59,Br,70,70
35,60,Br,150,150
35,61,Br,150,150
35,62,Br,300,300
35,63,BR,634,634
36,33,Kr,28,28
36,34,Kr,40,40
36,35,Kr,100,100
36,36,Kr,17.1,17.1
36,37,Kr,27.3,27.3
36,38,Kr,11.5,11.5
36,39,Kr,4.6,4.6
36,40,Kr,14.8,14.8
36,41,Kr,74.4,74.4
36,42,Kr,1E+20,1.00E+20
36,43,Kr,35.04,35.04
36,44,Kr,1E+20,1.00E+20
36,45,Kr,229000,2.29E+05
36,46,Kr,1E+20,1.00E+20
36,47,Kr,1E+20,1.00E+20
36,48,Kr,1E+20,1.00E+20
36,49,Kr,10.739,10.739
36,50,Kr,1E+20,1.00E+20
36,51,Kr,76.3,76.3
36,52,Kr,2.825,2.825
36,53,Kr,3.15,3.15
36,54,Kr,32.32,32.32
36,55,Kr,8.57,8.57
36,56,Kr,1.84,1.84
36,57,Kr,1.286,1.286
36,58,Kr,212,212
36,59,Kr,0.114,0.114
36,60,Kr,80,80
36,61,KR,63,63
36,62,Kr,46,46
36,63,Kr,13,13
36,64,Kr,7,7
36,65,KR,635,635
37,36,Rb,30,30
37,37,Rb,64.776,64.776
37,38,Rb,19,19
37,39,Rb,36.5,36.5
37,40,Rb,3.78,3.78
37,41,Rb,17.66,17.66
37,42,Rb,22.9,22.9
37,43,Rb,33.4,33.4
37,44,Rb,4.572,4.572
37,45,Rb,1.2575,1.2575
37,46,Rb,86.2,86.2
37,47,Rb,32.82,32.82
37,48,Rb,1E+20,1.00E+20
37,49,Rb,18.642,18.642
37,50,Rb,49700000000,4.97E+10
37,51,Rb,17.773,17.773
37,52,Rb,15.32,15.32
37,53,Rb,158,158
37,54,Rb,58.2,58.2
37,55,Rb,4.48,4.48
37,56,Rb,5.84,5.84
37,57,Rb,2.702,2.702
37,58,Rb,377.7,377.7
37,59,Rb,203,203
37,60,Rb,169.1,169.1
37,61,Rb,114,114
37,62,Rb,56.4,56.4
37,63,Rb,51,51
37,64,Rb,32,32
37,65,RB,37,37
37,66,RB,23,23
38,35,Sr,25,25
38,36,Sr,27,27
38,37,Sr,88,88
38,38,Sr,7.89,7.89
38,39,Sr,9,9
38,40,Sr,160,160
38,41,Sr,2.25,2.25
38,42,Sr,106.3,106.3
38,43,Sr,22.3,22.3
38,44,Sr,25.35,25.35
38,45,Sr,32.41,32.41
38,46,Sr,1E+20,1.00E+20
38,47,Sr,64.849,64.849
38,48,Sr,1E+20,1.00E+20
38,49,Sr,1E+20,1.00E+20
38,50,Sr,1E+20,1.00E+20
38,51,Sr,50.563,50.563
38,52,Sr,28.79,28.79
38,53,Sr,9.65,9.65
38,54,Sr,2.611,2.611
38,55,Sr,7.43,7.43
38,56,Sr,75.3,75.3
38,57,Sr,23.9,23.9
38,58,Sr,1.07,1.07
38,59,Sr,429,429
38,60,Sr,0.653,0.653
38,61,Sr,0.269,0.269
38,62,Sr,202,202
38,63,Sr,118,118
38,64,Sr,69,69
38,65,Sr,53,53
38,66,Sr,53,53
38,67,Sr,39,39
38,68,SR,20,20
38,69,SR,395,395
39,37,Y,200,200
39,38,Y,57,57
39,39,Y,53,53
39,40,Y,14.8,14.8
39,41,Y,30.1,30.1
39,42,Y,70.4,70.4
39,43,Y,8.3,8.3
39,44,Y,7.08,7.08
39,45,Y,39.5,39.5
39,46,Y,2.68,2.68
39,47,Y,14.74,14.74
39,48,Y,79.8,79.8
39,49,Y,106.626,106.626
39,50,Y,1E+20,1.00E+20
39,51,Y,64,64
39,52,Y,58.51,58.51
39,53,Y,3.54,3.54
39,54,Y,10.18,10.18
39,55,Y,18.7,18.7
39,56,Y,10.3,10.3
39,57,Y,5.34,5.34
39,58,Y,3.75,3.75
39,59,Y,0.548,0.548
39,60,Y,1.484,1.484
39,61,Y,735,735
39,62,Y,0.45,0.45
39,63,Y,0.36,0.36
39,64,Y,0.23,0.23
39,65,Y,197,197
39,66,Y,95,95
39,67,Y,79,79
39,68,Y,33.5,33.5
39,69,Y,30,30
39,70,Y,25,25
40,38,ZR,170,170
40,39,Zr,56,56
40,40,Zr,4.6,4.6
40,41,Zr,5.5,5.5
40,42,Zr,32,32
40,43,Zr,42,42
40,44,Zr,25.8,25.8
40,45,Zr,7.86,7.86
40,46,Zr,16.5,16.5
40,47,Zr,1.68,1.68
40,48,Zr,83.4,83.4
40,49,Zr,78.41,78.41
40,50,Zr,1E+20,1.00E+20
40,51,Zr,1E+20,1.00E+20
40,52,Zr,1E+20,1.00E+20
40,53,Zr,1610000,1.61E+06
40,54,Zr,1E+20,1.00E+20
40,55,Zr,64.032,64.032
40,56,Zr,2E+19,2.00E+19
40,57,Zr,16.749,16.749
40,58,Zr,30.7,30.7
40,59,Zr,2.1,2.1
40,60,Zr,7.1,7.1
40,61,Zr,2.3,2.3
40,62,Zr,2.9,2.9
40,63,Zr,1.3,1.3
40,64,Zr,1.2,1.2
40,65,Zr,670,670
40,66,Zr,180,180
40,67,Zr,146,146
40,68,Zr,77.4,77.4
40,69,Zr,56,56
40,70,Zr,37.5,37.5
40,71,ZR,24,24
40,72,ZR,30,30
41,40,Nb,200,200
41,41,Nb,50,50
41,42,Nb,3.9,3.9
41,43,Nb,9.8,9.8
41,44,Nb,20.5,20.5
41,45,Nb,88,88
41,46,Nb,3.7,3.7
41,47,Nb,14.5,14.5
41,48,Nb,2.03,2.03
41,49,Nb,14.6,14.6
41,50,Nb,680,6.80E+02
41,51,Nb,34700000,3.47E+07
41,52,Nb,1E+20,1.00E+20
41,53,Nb,20300,2.03E+04
41,54,Nb,34.991,34.991
41,55,Nb,23.35,23.35
41,56,Nb,72.1,72.1
41,57,Nb,2.86,2.86
41,58,Nb,15,15
41,59,Nb,1.5,1.5
41,60,Nb,7.1,7.1
41,61,Nb,4.3,4.3
41,62,Nb,1.5,1.5
41,63,Nb,4.9,4.9
41,64,Nb,2.95,2.95
41,65,Nb,1.02,1.02
41,66,Nb,300,300
41,67,Nb,198,198
41,68,Nb,0.19,0.19
41,69,Nb,82,82
41,70,Nb,54,54
41,71,Nb,33,33
41,72,Nb,32,32
41,73,NB,17,17
41,74,Nb,23,23
42,39,Mo,450,450
42,39,Mo,450,450
42,40,Mo,437,437
42,41,Mo,6,6
42,42,Mo,2.3,2.3
42,43,Mo,3.2,3.2
42,44,Mo,19.1,19.1
42,45,Mo,14.1,14.1
42,46,Mo,8,8
42,47,Mo,2.11,2.11
42,48,Mo,5.56,5.56
42,49,Mo,15.49,15.49
42,50,Mo,1E+20,1.00E+20
42,51,Mo,4000,4.00E+03
42,52,Mo,1E+20,1.00E+20
42,53,Mo,1E+20,1.00E+20
42,54,Mo,1E+20,1.00E+20
42,55,Mo,1E+20,1.00E+20
42,56,Mo,1E+20,1.00E+20
42,57,Mo,65.976,65.976
42,58,Mo,7.3E+18,7.30E+18
42,59,Mo,14.61,14.61
42,60,Mo,11.3,11.3
42,61,Mo,67.5,67.5
42,62,Mo,60,60
42,63,Mo,35.6,35.6
42,64,Mo,8.73,8.73
42,65,Mo,3.5,3.5
42,66,Mo,1.09,1.09
42,67,Mo,0.53,0.53
42,68,Mo,0.296,0.296
42,69,Mo,186,186
42,70,Mo,120,120
42,71,Mo,80,80
42,72,Mo,58,58
42,73,Mo,45.5,45.5
42,74,MO,32,32
42,75,MO,22,22
42,76,Mo,19,19
43,42,Tc,100,100
43,43,Tc,55,55
43,44,Tc,2.2,2.2
43,45,Tc,6.4,6.4
43,46,Tc,12.8,12.8
43,47,Tc,0,0
43,48,Tc,3.14,3.14
43,49,Tc,4.25,4.25
43,50,Tc,2.75,2.75
43,51,Tc,293,293
43,52,Tc,20,20
43,53,Tc,4.28,4.28
43,54,Tc,4210000,4.21E+06
43,55,Tc,4200000,4.20E+06
43,56,Tc,211000,2.11E+05
43,57,Tc,15.46,15.46
43,58,Tc,14.22,14.22
43,59,Tc,5.28,5.28
43,60,Tc,54.2,54.2
43,61,Tc,18.3,18.3
43,62,Tc,7.6,7.6
43,63,Tc,35.6,35.6
43,64,Tc,21.2,21.2
43,65,Tc,5.17,5.17
43,66,Tc,0.86,0.86
43,67,Tc,0.9,0.9
43,68,Tc,290,290
43,69,Tc,271,271
43,70,Tc,152,152
43,71,Tc,100,100
43,72,Tc,78,78
43,73,Tc,57,57
43,74,Tc,44.5,44.5
43,75,Tc,30,30
43,76,TC,22,22
43,77,TC,21,21
43,78,Tc,22,22
44,41,Ru,450,450
44,42,Ru,438,438
44,43,Ru,0,0
44,44,Ru,1.2,1.2
44,45,Ru,1.5,1.5
44,46,Ru,11,11
44,47,Ru,8,8
44,48,Ru,3.65,3.65
44,49,Ru,59.7,59.7
44,50,Ru,51.8,51.8
44,51,Ru,1.643,1.643
44,52,Ru,1E+20,1.00E+20
44,53,Ru,2.83,2.83
44,54,Ru,1E+20,1.00E+20
44,55,Ru,1E+20,1.00E+20
44,56,Ru,1E+20,1.00E+20
44,57,Ru,1E+20,1.00E+20
44,58,Ru,1E+20,1.00E+20
44,59,Ru,39.247,39.247
44,60,Ru,1E+20,1.00E+20
44,61,Ru,4.44,4.44
44,62,Ru,371.8,371.8
44,63,Ru,3.75,3.75
44,64,Ru,4.55,4.55
44,65,Ru,34.5,34.5
44,66,Ru,12.04,12.04
44,67,Ru,2.12,2.12
44,68,Ru,1.75,1.75
44,69,Ru,0.8,0.8
44,70,Ru,0.54,0.54
44,71,Ru,318,318
44,72,Ru,204,204
44,73,Ru,151,151
44,74,Ru,99,99
44,75,Ru,69.5,69.5
44,76,Ru,45,45
44,77,RU,29,29
44,78,RU,25,25
44,79,RU,19,19
44,80,RU,15,15
45,44,Rh,0,0
45,45,Rh,150,150
45,46,Rh,1.47,1.47
45,47,Rh,4.66,4.66
45,48,Rh,12.2,12.2
45,49,Rh,70.6,70.6
45,50,Rh,5.02,5.02
45,51,Rh,9.9,9.9
45,52,Rh,30.7,30.7
45,53,Rh,8.72,8.72
45,54,Rh,16.1,16.1
45,55,Rh,20.8,20.8
45,56,Rh,3.3,3.3
45,57,Rh,207.3,207.3
45,58,Rh,1E+20,1.00E+20
45,59,Rh,42.3,42.3
45,60,Rh,35.36,35.36
45,61,Rh,30.07,30.07
45,62,Rh,21.7,21.7
45,63,Rh,16.8,16.8
45,64,Rh,80,80
45,65,Rh,3.35,3.35
45,66,Rh,11,11
45,67,Rh,3.6,3.6
45,68,Rh,2.8,2.8
45,69,Rh,1.85,1.85
45,70,Rh,0.99,0.99
45,71,Rh,0.68,0.68
45,72,Rh,0.44,0.44
45,73,Rh,266,266
45,74,Rh,171,171
45,75,Rh,136,136
45,76,Rh,151,151
45,77,Rh,300,300
45,78,RH,42,42
45,79,RH,30,30
45,80,RH,26.5,26.5
45,81,RH,19,19
45,82,Rh,20,20
46,45,Pd,NaN,
46,46,Pd,1,1
46,47,Pd,1,1
46,48,Pd,9,9
46,49,Pd,5,5
46,50,Pd,122,122
46,51,Pd,3.1,3.1
46,52,Pd,17.7,17.7
46,53,Pd,21.4,21.4
46,54,Pd,3.63,3.63
46,55,Pd,8.47,8.47
46,56,Pd,1E+20,1.00E+20
46,57,Pd,16.991,16.991
46,58,Pd,1E+20,1.00E+20
46,59,Pd,1E+20,1.00E+20
46,60,Pd,1E+20,1.00E+20
46,61,Pd,6500000,6.50E+06
46,62,Pd,1E+20,1.00E+20
46,63,Pd,13.7012,13.7012
46,64,Pd,1E+20,1.00E+20
46,65,Pd,23.4,23.4
46,66,Pd,21.04,21.04
46,67,Pd,93,93
46,68,Pd,2.42,2.42
46,69,Pd,25,25
46,70,Pd,11.8,11.8
46,71,Pd,4.3,4.3
46,72,Pd,1.9,1.9
46,73,Pd,0.92,0.92
46,74,Pd,492,492
46,75,PD,285,285
46,76,Pd,175,175
46,77,Pd,108,108
46,78,PD,38,38
46,79,PD,57,57
46,80,PD,48.6,48.6
46,81,PD,38,38
46,82,PD,35,35
46,83,Pd,31,31
47,46,Ag,NaN,
47,47,Ag,26,26
47,48,Ag,1.75,1.75
47,49,Ag,4.4,4.4
47,50,Ag,25.5,25.5
47,51,Ag,47.5,47.5
47,52,Ag,124,124
47,53,Ag,2.01,2.01
47,54,Ag,11.1,11.1
47,55,Ag,12.9,12.9
47,56,Ag,65.7,65.7
47,57,Ag,69.2,69.2
47,58,Ag,41.29,41.29
47,59,Ag,23.96,23.96
47,60,Ag,1E+20,1.00E+20
47,61,Ag,2.382,2.382
47,62,Ag,1E+20,1.00E+20
47,63,Ag,24.56,24.56
47,64,Ag,7.45,7.45
47,65,Ag,3.13,3.13
47,66,Ag,5.37,5.37
47,67,Ag,4.6,4.6
47,68,Ag,20,20
47,69,Ag,230,230
47,70,Ag,72.8,72.8
47,71,Ag,3.76,3.76
47,72,Ag,2.1,2.1
47,73,Ag,1.23,1.23
47,74,Ag,0.78,0.78
47,75,Ag,0.529,0.529
47,76,Ag,0.3,0.3
47,77,Ag,191,191
47,78,Ag,159,159
47,79,Ag,52,52
47,80,Ag,109,109
47,81,Ag,58,58
47,82,Ag,46,46
47,83,Ag,42,42
47,84,Ag,35,35
47,85,Ag,28,28
48,48,CD,1.03,1.03
48,49,Cd,2.8,2.8
48,50,Cd,9.2,9.2
48,51,Cd,16,16
48,52,Cd,49.1,49.1
48,53,Cd,1.36,1.36
48,54,Cd,5.5,5.5
48,55,Cd,7.3,7.3
48,56,Cd,57.7,57.7
48,57,Cd,55.5,55.5
48,58,Cd,1E+20,1.00E+20
48,59,Cd,6.5,6.5
48,60,Cd,1E+20,1.00E+20
48,61,Cd,461.4,461.4
48,62,Cd,1E+20,1.00E+20
48,63,Cd,1E+20,1.00E+20
48,64,Cd,1E+20,1.00E+20
48,65,Cd,8.04E+15,8.04E+15
48,66,Cd,1E+20,1.00E+20
48,67,Cd,53.46,53.46
48,68,Cd,3.3E+19,3.30E+19
48,69,Cd,2.49,2.49
48,70,Cd,50.3,50.3
48,71,Cd,2.69,2.69
48,72,Cd,50.8,50.8
48,73,Cd,13.5,13.5
48,74,Cd,5.24,5.24
48,75,Cd,2.1,2.1
48,76,Cd,1.25,1.25
48,77,Cd,0.68,0.68
48,78,Cd,0.515,0.515
48,79,Cd,0.37,0.37
48,80,Cd,0.28,0.28
48,81,Cd,154,154
48,82,Cd,162,162
48,83,Cd,68,68
48,84,Cd,97,97
48,85,CD,57,57
48,86,Cd,65,65
49,49,In,32,32
49,50,In,3,3
49,51,In,5.8,5.8
49,52,In,15.1,15.1
49,53,In,23.3,23.3
49,54,In,65,65
49,55,In,1.8,1.8
49,56,In,5.07,5.07
49,57,In,6.2,6.2
49,58,In,32.4,32.4
49,59,In,58,58
49,60,In,4.167,4.167
49,61,In,4.92,4.92
49,62,In,2.8047,2.8047
49,63,In,14.88,14.88
49,64,In,1E+20,1.00E+20
49,65,In,71.9,71.9
49,66,In,4.41E+14,4.41E+14
49,67,In,14.1,14.1
49,68,In,43.2,43.2
49,69,In,5,5
49,70,In,2.4,2.4
49,71,In,3.08,3.08
49,72,In,23.1,23.1
49,73,In,1.5,1.5
49,74,In,6.17,6.17
49,75,In,3.12,3.12
49,76,In,2.36,2.36
49,77,In,1.53,1.53
49,78,In,1.09,1.09
49,79,In,0.84,0.84
49,80,In,611,611
49,81,In,0.29,0.29
49,82,In,0.28,0.28
49,83,In,0.207,0.207
49,84,In,165,165
49,85,In,140,140
49,86,In,92,92
49,87,In,85,85
49,88,In,65,65
50,50,Sn,1.16,1.16
50,51,Sn,1.7,1.7
50,52,Sn,3.8,3.8
50,53,Sn,7,7
50,54,Sn,20.8,20.8
50,55,Sn,34,34
50,56,Sn,115,115
50,57,Sn,2.9,2.9
50,58,Sn,10.3,10.3
50,59,Sn,18,18
50,60,Sn,4.154,4.154
50,61,Sn,35.3,35.3
50,62,Sn,1E+20,1.00E+20
50,63,Sn,115.09,115.09
50,64,Sn,1E+20,1.00E+20
50,65,Sn,1E+20,1.00E+20
50,66,Sn,1E+20,1.00E+20
50,67,Sn,1E+20,1.00E+20
50,68,Sn,1E+20,1.00E+20
50,69,Sn,1E+20,1.00E+20
50,70,Sn,1E+20,1.00E+20
50,71,Sn,27.03,27.03
50,72,Sn,1E+20,1.00E+20
50,73,Sn,129.2,129.2
50,74,Sn,1E+20,1.00E+20
50,75,Sn,9.64,9.64
50,76,Sn,230000,2.30E+05
50,77,Sn,2.1,2.1
50,78,Sn,59.07,59.07
50,79,Sn,2.23,2.23
50,80,Sn,3.72,3.72
50,81,Sn,56,56
50,82,Sn,39.7,39.7
50,83,Sn,1.46,1.46
50,84,Sn,1.05,1.05
50,85,Sn,530,530
50,86,Sn,0.29,0.29
50,87,Sn,190,190
50,88,SN,140,140
50,89,Sn,130,130
51,52,SB,49,49
51,53,Sb,0.44,0.44
51,54,Sb,1.22,1.22
51,55,Sb,0.6,0.6
51,56,Sb,4,4
51,57,Sb,7.4,7.4
51,58,Sb,17,17
51,59,Sb,23.6,23.6
51,60,Sb,75,75
51,61,Sb,53.5,53.5
51,62,Sb,6.67,6.67
51,63,Sb,3.49,3.49
51,64,Sb,32.1,32.1
51,65,Sb,15.8,15.8
51,66,Sb,2.8,2.8
51,67,Sb,3.6,3.6
51,68,Sb,38.19,38.19
51,69,Sb,15.89,15.89
51,70,Sb,1E+20,1.00E+20
51,71,Sb,2.7238,2.7238
51,72,Sb,1E+20,1.00E+20
51,73,Sb,60.2,60.2
51,74,Sb,2.75856,2.75856
51,75,Sb,12.35,12.35
51,76,Sb,3.85,3.85
51,77,Sb,9.05,9.05
51,78,Sb,4.366,4.366
51,79,Sb,39.5,39.5
51,80,Sb,23.03,23.03
51,81,Sb,2.79,2.79
51,82,Sb,2.34,2.34
51,83,Sb,0.78,0.78
51,84,Sb,1.679,1.679
51,85,Sb,0.923,0.923
51,86,Sb,450,450
51,87,Sb,348,348
51,88,Sb,150,150
51,89,SB,407,407
52,53,Te,0.62,0.62
52,54,Te,70,70
52,55,Te,3.1,3.1
52,56,Te,2.1,2.1
52,57,Te,4.6,4.6
52,58,Te,18.6,18.6
52,59,Te,19.3,19.3
52,60,Te,2,2
52,61,Te,1.7,1.7
52,62,Te,15.2,15.2
52,63,Te,5.8,5.8
52,64,Te,2.49,2.49
52,65,Te,62,62
52,66,Te,6,6
52,67,Te,16.05,16.05
52,68,Te,1E+20,1.00E+20
52,69,Te,19.17,19.17
52,70,Te,1E+20,1.00E+20
52,71,Te,9.2E+16,9.20E+16
52,72,Te,1E+20,1.00E+20
52,73,Te,1E+20,1.00E+20
52,74,Te,1E+20,1.00E+20
52,75,Te,9.35,9.35
52,76,Te,7.7E+24,7.70E+24
52,77,Te,69.6,69.6
52,78,Te,7.9E+20,7.90E+20
52,79,Te,25,25
52,80,Te,3.204,3.204
52,81,Te,12.5,12.5
52,82,Te,41.8,41.8
52,83,Te,19,19
52,84,Te,17.63,17.63
52,85,Te,2.49,2.49
52,86,Te,1.4,1.4
52,87,Te,150,150
52,88,Te,NaN,
52,90,Te,NaN,
52,91,TE,408,408
53,55,I,36,36
53,56,I,103,103
53,57,I,0.664,0.664
53,58,I,2.5,2.5
53,59,I,3.34,3.34
53,60,I,6.6,6.6
53,61,I,2.1,2.1
53,62,I,1.3,1.3
53,63,I,2.91,2.91
53,64,I,2.22,2.22
53,65,I,13.7,13.7
53,66,I,19.1,19.1
53,67,I,81.6,81.6
53,68,I,2.12,2.12
53,69,I,3.63,3.63
53,70,I,13.2235,13.2235
53,71,I,4.176,4.176
53,72,I,59.407,59.407
53,73,I,12.93,12.93
53,74,I,1E+20,1.00E+20
53,75,I,24.99,24.99
53,76,I,15700000,1.57E+07
53,77,I,12.36,12.36
53,78,I,8.0252,8.0252
53,79,I,2.295,2.295
53,80,I,20.83,20.83
53,81,I,52.5,52.5
53,82,I,6.58,6.58
53,83,I,83.4,83.4
53,84,I,24.5,24.5
53,85,I,6.23,6.23
53,86,I,2.28,2.28
53,87,I,0.86,0.86
53,88,I,0.43,0.43
53,89,I,222,222
53,90,I,130,130
53,91,I,300,300
53,92,I,407,407
54,55,XE,13,13
54,56,Xe,93,93
54,57,Xe,0.74,0.74
54,58,Xe,2.7,2.7
54,59,Xe,2.74,2.74
54,60,Xe,10,10
54,61,Xe,18,18
54,62,Xe,59,59
54,63,Xe,61,61
54,64,Xe,3.8,3.8
54,65,Xe,5.8,5.8
54,66,Xe,40,40
54,67,Xe,40.1,40.1
54,68,Xe,20.1,20.1
54,69,Xe,2.08,2.08
54,70,Xe,1.6E+14,1.60E+14
54,71,Xe,16.9,16.9
54,72,Xe,1E+20,1.00E+20
54,73,Xe,36.346,36.346
54,74,Xe,1E+20,1.00E+20
54,75,Xe,1E+20,1.00E+20
54,76,Xe,1E+20,1.00E+20
54,77,Xe,1E+20,1.00E+20
54,78,Xe,1E+20,1.00E+20
54,79,Xe,5.2475,5.2475
54,80,Xe,5.8E+22,5.80E+22
54,81,Xe,9.14,9.14
54,82,Xe,3.6E+20,3.60E+20
54,83,Xe,3.818,3.818
54,84,Xe,14.08,14.08
54,85,Xe,39.68,39.68
54,86,Xe,13.6,13.6
54,87,Xe,1.73,1.73
54,88,Xe,1.23,1.23
54,89,Xe,0.511,0.511
54,90,Xe,1.15,1.15
54,91,Xe,188,188
54,92,Xe,146,146
54,93,XE,0.1,0.1
54,94,XE,0.4,0.4
55,57,Cs,0.49,0.49
55,58,Cs,17.7,17.7
55,59,Cs,0.57,0.57
55,60,Cs,1.4,1.4
55,61,Cs,0.7,0.7
55,62,Cs,8.4,8.4
55,63,Cs,14,14
55,64,Cs,43,43
55,65,Cs,61.3,61.3
55,66,Cs,155,155
55,67,Cs,21.18,21.18
55,68,Cs,5.88,5.88
55,69,Cs,30.9,30.9
55,70,Cs,46.7,46.7
55,71,Cs,1.64,1.64
55,72,Cs,6.25,6.25
55,73,Cs,3.64,3.64
55,74,Cs,32.06,32.06
55,75,Cs,29.21,29.21
55,76,Cs,9.689,9.689
55,77,Cs,6.48,6.48
55,78,Cs,1E+20,1.00E+20
55,79,Cs,2.0652,2.0652
55,80,Cs,2300000,2.30E+06
55,81,Cs,13.16,13.16
55,82,Cs,30.08,30.08
55,83,Cs,33.41,33.41
55,84,Cs,9.27,9.27
55,85,Cs,63.7,63.7
55,86,Cs,24.84,24.84
55,87,Cs,1.684,1.684
55,88,Cs,1.791,1.791
55,89,Cs,0.994,0.994
55,90,Cs,0.587,0.587
55,91,Cs,0.322,0.322
55,92,Cs,0.23,0.23
55,93,Cs,146,146
55,94,Cs,50,50
55,95,Cs,50,50
55,96,Cs,50,50
56,58,Ba,0.43,0.43
56,59,Ba,0.45,0.45
56,60,Ba,1.3,1.3
56,61,Ba,1.75,1.75
56,62,Ba,5.5,5.5
56,63,Ba,5.4,5.4
56,64,Ba,24,24
56,65,Ba,29.7,29.7
56,66,Ba,1.95,1.95
56,67,Ba,2.7,2.7
56,68,Ba,11,11
56,69,Ba,3.3,3.3
56,70,Ba,100,100
56,71,Ba,12.7,12.7
56,72,Ba,2.43,2.43
56,73,Ba,2.23,2.23
56,74,Ba,1E+20,1.00E+20
56,75,Ba,11.5,11.5
56,76,Ba,3E+21,3.00E+21
56,77,Ba,10.551,10.551
56,78,Ba,1E+20,1.00E+20
56,79,Ba,1E+20,1.00E+20
56,80,Ba,1E+20,1.00E+20
56,81,Ba,1E+20,1.00E+20
56,82,Ba,1E+20,1.00E+20
56,83,Ba,83.06,83.06
56,84,Ba,12.7527,12.7527
56,85,Ba,18.27,18.27
56,86,Ba,10.6,10.6
56,87,Ba,14.5,14.5
56,88,Ba,11.5,11.5
56,89,Ba,4.31,4.31
56,90,Ba,2.21,2.21
56,91,Ba,0.894,0.894
56,92,Ba,0.612,0.612
56,93,Ba,0.344,0.344
56,94,Ba,0.3,0.3
56,95,Ba,300,300
56,96,BA,406,406
57,60,La,23.5,23.5
57,63,La,2.8,2.8
57,64,La,5.3,5.3
57,65,La,8.6,8.6
57,66,La,17,17
57,67,La,21,21
57,68,La,64.8,64.8
57,69,La,54,54
57,70,La,5.1,5.1
57,71,La,5.18,5.18
57,72,La,11.6,11.6
57,73,La,8.7,8.7
57,74,La,59,59
57,75,La,4.8,4.8
57,76,La,3.912,3.912
57,77,La,6.45,6.45
57,78,La,19.5,19.5
57,79,La,9.87,9.87
57,80,La,60000,6.00E+04
57,81,La,1.02E+11,1.02E+11
57,82,La,1E+20,1.00E+20
57,83,La,1.67855,1.67855
57,84,La,3.92,3.92
57,85,La,91.1,91.1
57,86,La,14.2,14.2
57,87,La,40.8,40.8
57,88,La,24.8,24.8
57,89,La,6.1,6.1
57,90,La,4.06,4.06
57,91,La,1.26,1.26
57,92,La,1.05,1.05
57,93,La,0.59,0.59
57,94,La,300,300
57,95,La,150,150
57,96,La,100,100
58,63,Ce,1.1,1.1
58,64,Ce,NaN,
58,65,Ce,3.8,3.8
58,66,Ce,6,6
58,67,Ce,9.7,9.7
58,68,Ce,51,51
58,69,Ce,34,34
58,70,Ce,3.93,3.93
58,71,Ce,3.5,3.5
58,72,Ce,22.9,22.9
58,73,Ce,10.3,10.3
58,74,Ce,3.51,3.51
58,75,Ce,97,97
58,76,Ce,3.16,3.16
58,77,Ce,17.7,17.7
58,78,Ce,7E+13,7.00E+13
58,79,Ce,9,9
58,80,Ce,9E+13,9.00E+13
58,81,Ce,137.641,137.641
58,82,Ce,1E+20,1.00E+20
58,83,Ce,32.511,32.511
58,84,Ce,5E+16,5.00E+16
58,85,Ce,33.039,33.039
58,86,Ce,284.91,284.91
58,87,Ce,3.01,3.01
58,88,Ce,13.49,13.49
58,89,Ce,56.4,56.4
58,90,Ce,56.8,56.8
58,91,Ce,5.3,5.3
58,92,Ce,4,4
58,93,Ce,1.76,1.76
58,94,Ce,1.4,1.4
58,95,Ce,100,100
58,96,Ce,100,100
58,97,Ce,300,300
59,62,Pr,10,10
59,65,Pr,1.2,1.2
59,66,Pr,3.3,3.3
59,67,Pr,3.14,3.14
59,68,Pr,4.2,4.2
59,69,Pr,2.84,2.84
59,70,Pr,30,30
59,71,Pr,40,40
59,72,Pr,1.51,1.51
59,73,Pr,1.6,1.6
59,74,Pr,6.5,6.5
59,75,Pr,17,17
59,76,Pr,24,24
59,77,Pr,13.1,13.1
59,78,Pr,1.28,1.28
59,79,Pr,1.45,1.45
59,80,Pr,4.41,4.41
59,81,Pr,3.39,3.39
59,82,Pr,1E+20,1.00E+20
59,83,Pr,19.12,19.12
59,84,Pr,13.57,13.57
59,85,Pr,17.28,17.28
59,86,Pr,5.984,5.984
59,87,Pr,24.09,24.09
59,88,Pr,13.4,13.4
59,89,Pr,2.29,2.29
59,90,Pr,2.26,2.26
59,91,Pr,6.19,6.19
59,92,Pr,18.9,18.9
59,93,Pr,3.57,3.57
59,94,Pr,4.28,4.28
59,95,Pr,2.3,2.3
59,96,Pr,300,300
60,65,Nd,0.65,0.65
60,66,Nd,NaN,
60,67,Nd,1.8,1.8
60,68,Nd,5,5
60,69,Nd,6.7,6.7
60,70,Nd,13,13
60,71,Nd,25.4,25.4
60,72,Nd,94,94
60,73,Nd,70,70
60,74,Nd,8.5,8.5
60,75,Nd,12.4,12.4
60,76,Nd,50.65,50.65
60,77,Nd,38.5,38.5
60,78,Nd,5.04,5.04
60,79,Nd,29.7,29.7
60,80,Nd,3.37,3.37
60,81,Nd,2.49,2.49
60,82,Nd,1E+20,1.00E+20
60,83,Nd,1E+20,1.00E+20
60,84,Nd,2.29E+15,2.29E+15
60,85,Nd,1E+20,1.00E+20
60,86,Nd,1E+20,1.00E+20
60,87,Nd,10.98,10.98
60,88,Nd,1E+20,1.00E+20
60,89,Nd,1.728,1.728
60,90,Nd,9.1E+18,9.10E+18
60,91,Nd,12.44,12.44
60,92,Nd,11.4,11.4
60,93,Nd,31.6,31.6
60,94,Nd,25.9,25.9
60,95,Nd,8.9,8.9
60,96,Nd,5.26,5.26
60,97,Nd,100,100
60,98,Nd,160,160
60,99,Nd,160,160
60,100,Nd,160,160
60,101,Nd,160,160
61,67,Pm,1,1
61,68,PM,2.4,2.4
61,69,Pm,2.6,2.6
61,70,Pm,6.3,6.3
61,71,Pm,6.2,6.2
61,72,Pm,13.5,13.5
61,73,Pm,5,5
61,74,Pm,49,49
61,75,Pm,47,47
61,76,Pm,2.4,2.4
61,77,Pm,10,10
61,78,Pm,4.15,4.15
61,79,Pm,9.2,9.2
61,80,Pm,20.9,20.9
61,81,Pm,40.5,40.5
61,82,Pm,265,265
61,83,Pm,363,363
61,84,Pm,17.7,17.7
61,85,Pm,5.53,5.53
61,86,Pm,2.6234,2.6234
61,87,Pm,5.368,5.368
61,88,Pm,53.08,53.08
61,89,Pm,2.698,2.698
61,90,Pm,28.4,28.4
61,91,Pm,4.12,4.12
61,92,Pm,5.25,5.25
61,93,Pm,2.68,2.68
61,94,Pm,41.5,41.5
61,95,Pm,26.7,26.7
61,96,Pm,10.56,10.56
61,97,Pm,4.8,4.8
61,98,Pm,1.5,1.5
61,99,Pm,160,160
61,100,Pm,160,160
61,101,Pm,160,160
61,102,Pm,160,160
62,67,SM,0.55,0.55
62,68,Sm,NaN,
62,69,Sm,1.2,1.2
62,70,Sm,4,4
62,71,Sm,2.89,2.89
62,72,Sm,9.5,9.5
62,73,Sm,10.3,10.3
62,74,Sm,47,47
62,75,Sm,45,45
62,76,Sm,3.1,3.1
62,77,Sm,2.57,2.57
62,78,Sm,14.82,14.82
62,79,Sm,10.2,10.2
62,80,Sm,72.49,72.49
62,81,Sm,8.75,8.75
62,82,Sm,1E+20,1.00E+20
62,83,Sm,340,340
62,84,Sm,68000000,6.80E+07
62,85,Sm,1.06E+11,1.06E+11
62,86,Sm,7E+15,7.00E+15
62,87,Sm,1E+20,1.00E+20
62,88,Sm,1E+20,1.00E+20
62,89,Sm,90,90
62,90,Sm,1E+20,1.00E+20
62,91,Sm,46.284,46.284
62,92,Sm,1E+20,1.00E+20
62,93,Sm,22.3,22.3
62,94,Sm,9.4,9.4
62,95,Sm,8.03,8.03
62,96,Sm,5.3,5.3
62,97,Sm,11.37,11.37
62,98,Sm,9.6,9.6
62,99,Sm,4.8,4.8
62,100,Sm,2.4,2.4
62,101,Sm,160,160
62,102,Sm,160,160
62,103,Sm,160,160
63,67,EU,0.9,0.9
63,68,Eu,17.8,17.8
63,69,Eu,NaN,
63,71,Eu,0.5,0.5
63,72,Eu,1.5,1.5
63,73,Eu,3.3,3.3
63,74,Eu,11,11
63,75,Eu,12.1,12.1
63,76,Eu,17.9,17.9
63,77,Eu,1.51,1.51
63,78,Eu,40.7,40.7
63,79,Eu,2.34,2.34
63,80,Eu,2.59,2.59
63,81,Eu,10.2,10.2
63,82,Eu,5.93,5.93
63,83,Eu,4.61,4.61
63,84,Eu,24.1,24.1
63,85,Eu,54.5,54.5
63,86,Eu,93.1,93.1
63,87,Eu,36.9,36.9
63,88,Eu,1.7E+18,1.70E+18
63,89,Eu,13.517,13.517
63,90,Eu,1E+20,1.00E+20
63,91,Eu,8.601,8.601
63,92,Eu,4.753,4.753
63,93,Eu,15.19,15.19
63,94,Eu,15.18,15.18
63,95,Eu,45.9,45.9
63,96,Eu,18.1,18.1
63,97,Eu,38,38
63,98,Eu,26,26
63,99,Eu,10.6,10.6
63,100,EU,7.7,7.7
63,101,Eu,4.2,4.2
63,102,Eu,2.3,2.3
63,103,Eu,1.7,1.7
63,104,Eu,160,160
63,105,Eu,160,160
64,70,Gd,NaN,
64,71,Gd,1.1,1.1
64,72,Gd,200,200
64,73,Gd,2.2,2.2
64,74,Gd,4.7,4.7
64,75,Gd,5.8,5.8
64,76,Gd,15.8,15.8
64,77,Gd,14,14
64,78,Gd,70.2,70.2
64,79,Gd,39,39
64,80,Gd,4.47,4.47
64,81,Gd,23,23
64,82,Gd,48.27,48.27
64,83,Gd,38.06,38.06
64,84,Gd,71.1,71.1
64,85,Gd,9.28,9.28
64,86,Gd,1790000,1.79E+06
64,87,Gd,123.9,123.9
64,88,Gd,1.08E+14,1.08E+14
64,89,Gd,240.4,240.4
64,90,Gd,1E+20,1.00E+20
64,91,Gd,1E+20,1.00E+20
64,92,Gd,1E+20,1.00E+20
64,93,Gd,1E+20,1.00E+20
64,94,Gd,1E+20,1.00E+20
64,95,Gd,18.479,18.479
64,96,Gd,1E+20,1.00E+20
64,97,Gd,3.66,3.66
64,98,Gd,8.4,8.4
64,99,Gd,68,68
64,100,Gd,45,45
64,101,Gd,10.3,10.3
64,102,GD,4.8,4.8
64,103,Gd,160,160
64,104,Gd,160,160
64,105,Gd,160,160
64,106,Gd,160,160
65,70,TB,0.94,0.94
65,73,Tb,200,200
65,74,Tb,1.6,1.6
65,75,Tb,2.4,2.4
65,76,Tb,3.5,3.5
65,77,Tb,597,597
65,78,Tb,12,12
65,79,Tb,1,1
65,80,Tb,0,0
65,81,Tb,8,8
65,82,Tb,1.64,1.64
65,83,Tb,60,60
65,84,Tb,4.118,4.118
65,85,Tb,3.48,3.48
65,86,Tb,17.609,17.609
65,87,Tb,17.5,17.5
65,88,Tb,2.34,2.34
65,89,Tb,21.5,21.5
65,90,Tb,5.32,5.32
65,91,Tb,5.35,5.35
65,92,Tb,71,71
65,93,Tb,180,180
65,94,Tb,1E+20,1.00E+20
65,95,Tb,72.3,72.3
65,96,Tb,6.89,6.89
65,97,Tb,7.6,7.6
65,98,Tb,19.5,19.5
65,99,Tb,3,3
65,100,Tb,2.11,2.11
65,101,Tb,25.1,25.1
65,102,Tb,19.4,19.4
65,103,Tb,8.2,8.2
65,104,Tb,160,160
65,105,Tb,160,160
65,106,Tb,160,160
65,107,Tb,160,160
66,73,Dy,0.6,0.6
66,74,DY,NaN,
66,75,Dy,0.9,0.9
66,76,Dy,2.3,2.3
66,77,Dy,5.6,5.6
66,78,Dy,9.1,9.1
66,79,Dy,6,6
66,80,Dy,33,33
66,81,Dy,67,67
66,82,Dy,3.3,3.3
66,83,Dy,4.2,4.2
66,84,Dy,7.17,7.17
66,85,Dy,17.9,17.9
66,86,Dy,2.38,2.38
66,87,Dy,6.4,6.4
66,88,Dy,3000000,3.00E+06
66,89,Dy,9.9,9.9
66,90,Dy,1E+20,1.00E+20
66,91,Dy,8.14,8.14
66,92,Dy,1E+20,1.00E+20
66,93,Dy,144.4,144.4
66,94,Dy,1E+20,1.00E+20
66,95,Dy,1E+20,1.00E+20
66,96,Dy,1E+20,1.00E+20
66,97,Dy,1E+20,1.00E+20
66,98,Dy,1E+20,1.00E+20
66,99,Dy,2.334,2.334
66,100,Dy,81.6,81.6
66,101,Dy,6.2,6.2
66,102,Dy,8.7,8.7
66,103,Dy,39,39
66,104,Dy,0,0
66,105,Dy,160,160
66,106,Dy,160,160
66,107,Dy,160,160
66,108,Dy,160,160
67,73,Ho,6,6
67,74,Ho,4.1,4.1
67,75,Ho,0.4,0.4
67,76,Ho,0,0
67,77,Ho,0.7,0.7
67,78,Ho,2.4,2.4
67,79,Ho,3.32,3.32
67,80,Ho,5.8,5.8
67,81,Ho,2.2,2.2
67,82,Ho,21.1,21.1
67,83,Ho,72,72
67,84,Ho,35.2,35.2
67,85,Ho,161.8,161.8
67,86,Ho,2.01,2.01
67,87,Ho,11.76,11.76
67,88,Ho,48,48
67,89,Ho,56,56
67,90,Ho,12.6,12.6
67,91,Ho,11.3,11.3
67,92,Ho,33.05,33.05
67,93,Ho,25.6,25.6
67,94,Ho,2.48,2.48
67,95,Ho,15,15
67,96,Ho,4570,4570
67,97,Ho,29,29
67,98,Ho,1E+20,1.00E+20
67,99,Ho,26.824,26.824
67,100,Ho,3.1,3.1
67,101,Ho,2.99,2.99
67,102,Ho,4.72,4.72
67,103,Ho,2.76,2.76
67,104,Ho,53,53
67,105,Ho,25,25
67,106,Ho,160,160
67,107,Ho,160,160
67,108,Ho,160,160
67,109,Ho,160,160
68,75,ER,NaN,
68,76,Er,200,200
68,77,Er,NaN,
68,78,Er,1.7,1.7
68,79,Er,2.5,2.5
68,80,Er,4.6,4.6
68,81,Er,4,4
68,82,Er,18.5,18.5
68,83,Er,23.5,23.5
68,84,Er,10.3,10.3
68,85,Er,37.1,37.1
68,86,Er,3.73,3.73
68,87,Er,5.3,5.3
68,88,Er,19.5,19.5
68,89,Er,18.65,18.65
68,90,Er,2.29,2.29
68,91,Er,36,36
68,92,Er,28.58,28.58
68,93,Er,3.21,3.21
68,94,Er,1E+20,1.00E+20
68,95,Er,75,75
68,96,Er,1E+20,1.00E+20
68,97,Er,10.36,10.36
68,98,Er,1E+20,1.00E+20
68,99,Er,1E+20,1.00E+20
68,100,Er,1E+20,1.00E+20
68,101,Er,9.392,9.392
68,102,Er,1E+20,1.00E+20
68,103,Er,7.516,7.516
68,104,Er,49.3,49.3
68,105,Er,1.4,1.4
68,106,Er,3.2,3.2
68,107,Er,1.2,1.2
68,108,Er,160,160
68,109,Er,160,160
68,110,Er,160,160
69,75,TM,1.9,1.9
69,76,Tm,3.17,3.17
69,77,Tm,68,68
69,78,Tm,0.58,0.58
69,79,Tm,0.7,0.7
69,80,Tm,0.9,0.9
69,81,Tm,2.2,2.2
69,82,Tm,4.17,4.17
69,83,Tm,8,8
69,84,Tm,1.48,1.48
69,85,Tm,8.1,8.1
69,86,Tm,21.6,21.6
69,87,Tm,83.8,83.8
69,88,Tm,3.63,3.63
69,89,Tm,3.98,3.98
69,90,Tm,9.13,9.13
69,91,Tm,9.4,9.4
69,92,Tm,30.2,30.2
69,93,Tm,21.7,21.7
69,94,Tm,1.81,1.81
69,95,Tm,2,2
69,96,Tm,30.06,30.06
69,97,Tm,7.7,7.7
69,98,Tm,9.25,9.25
69,99,Tm,93.1,93.1
69,100,Tm,1E+20,1.00E+20
69,101,Tm,128.6,128.6
69,102,Tm,1.92,1.92
69,103,Tm,63.6,63.6
69,104,Tm,8.24,8.24
69,105,Tm,5.4,5.4
69,106,Tm,15.2,15.2
69,107,Tm,1.9,1.9
69,108,Tm,90,90
69,109,TM,300,300
69,110,Tm,160,160
69,111,Tm,300,300
69,112,Tm,160,160
70,79,Yb,0.7,0.7
70,80,Yb,200,200
70,81,Yb,1.6,1.6
70,82,Yb,3.03,3.03
70,83,Yb,4.2,4.2
70,84,Yb,0.409,0.409
70,85,Yb,1.793,1.793
70,86,Yb,26.1,26.1
70,87,Yb,38.6,38.6
70,88,Yb,1.49,1.49
70,89,Yb,1.67,1.67
70,90,Yb,4.8,4.8
70,91,Yb,4.2,4.2
70,92,Yb,18.87,18.87
70,93,Yb,11.05,11.05
70,94,Yb,75.8,75.8
70,95,Yb,9.9,9.9
70,96,Yb,56.7,56.7
70,97,Yb,17.5,17.5
70,98,Yb,1E+20,1.00E+20
70,99,Yb,32.018,32.018
70,100,Yb,1E+20,1.00E+20
70,101,Yb,1E+20,1.00E+20
70,102,Yb,1E+20,1.00E+20
70,103,Yb,1E+20,1.00E+20
70,104,Yb,1E+20,1.00E+20
70,105,Yb,4.185,4.185
70,106,Yb,1E+20,1.00E+20
70,107,Yb,1.911,1.911
70,108,Yb,74,74
70,109,Yb,8,8
70,110,Yb,2.4,2.4
70,111,YB,160,160
70,112,Yb,160,160
70,113,Yb,222,222
70,114,Yb,160,160
70,115,Yb,160,160
71,79,Lu,45,45
71,80,Lu,80.6,80.6
71,81,Lu,0.7,0.7
71,82,Lu,0.9,0.9
71,83,Lu,0,0
71,84,Lu,68,68
71,85,Lu,494,494
71,86,Lu,6.8,6.8
71,87,Lu,10.6,10.6
71,88,Lu,12.1,12.1
71,89,Lu,36.1,36.1
71,90,Lu,77,77
71,91,Lu,1.37,1.37
71,92,Lu,3.97,3.97
71,93,Lu,3.14,3.14
71,94,Lu,10.74,10.74
71,95,Lu,2.65,2.65
71,96,Lu,51.5,51.5
71,97,Lu,5.5,5.5
71,98,Lu,34.06,34.06
71,99,Lu,2.012,2.012
71,100,Lu,8.24,8.24
71,101,Lu,6.7,6.7
71,102,Lu,1.37,1.37
71,103,Lu,3.31,3.31
71,104,Lu,1E+20,1.00E+20
71,105,Lu,37600000000,3.76E+10
71,106,Lu,6.647,6.647
71,107,Lu,28.4,28.4
71,108,Lu,4.59,4.59
71,109,Lu,5.7,5.7
71,110,Lu,3.5,3.5
71,111,Lu,2,2
71,112,Lu,58,58
71,113,Lu,19,19
71,114,Lu,160,160
71,115,Lu,160,160
71,116,Lu,160,160
71,117,Lu,160,160
72,79,Hf,0,0
72,80,Hf,0,0
72,81,Hf,60,60
72,82,Hf,2,2
72,83,Hf,0.89,0.89
72,84,Hf,23,23
72,85,Hf,115,115
72,86,Hf,2.85,2.85
72,87,Hf,5.6,5.6
72,88,Hf,13.6,13.6
72,89,Hf,18.4,18.4
72,90,Hf,39.4,39.4
72,91,Hf,40,40
72,92,Hf,111,111
72,93,Hf,76,76
72,94,Hf,6.77,6.77
72,95,Hf,2.05,2.05
72,96,Hf,25.95,25.95
72,97,Hf,3.24,3.24
72,98,Hf,16.01,16.01
72,99,Hf,12.1,12.1
72,100,Hf,1.87,1.87
72,101,Hf,23.6,23.6
72,102,Hf,2E+15,2.00E+15
72,103,Hf,70,70
72,104,Hf,1E+20,1.00E+20
72,105,Hf,1E+20,1.00E+20
72,106,Hf,1E+20,1.00E+20
72,107,Hf,1E+20,1.00E+20
72,108,Hf,1E+20,1.00E+20
72,109,Hf,42.39,42.39
72,110,Hf,8900000,8.90E+06
72,111,Hf,1.018,1.018
72,112,Hf,4.12,4.12
72,113,Hf,3.5,3.5
72,114,Hf,2.6,2.6
72,115,HF,0,0
72,116,Hf,0,0
72,117,HF,300,300
72,118,Hf,160,160
73,82,Ta,2.9,2.9
73,83,Ta,106,106
73,84,Ta,10.1,10.1
73,85,Ta,55,55
73,86,Ta,0.83,0.83
73,87,Ta,1.55,1.55
73,88,Ta,0,0
73,89,Ta,3.57,3.57
73,90,Ta,10.6,10.6
73,91,Ta,14.2,14.2
73,92,Ta,31,31
73,93,Ta,34.4,34.4
73,94,Ta,80,80
73,95,Ta,2,2
73,96,Ta,4.9,4.9
73,97,Ta,6.76,6.76
73,98,Ta,23.3,23.3
73,99,Ta,36.8,36.8
73,100,Ta,3.14,3.14
73,101,Ta,1.14,1.14
73,102,Ta,10.5,10.5
73,103,Ta,8.09,8.09
73,104,Ta,56.56,56.56
73,105,Ta,2.36,2.36
73,106,Ta,1.82,1.82
73,107,Ta,8.154,8.154
73,108,Ta,1E+20,1.00E+20
73,109,Ta,114.74,114.74
73,110,Ta,5.1,5.1
73,111,Ta,8.7,8.7
73,112,Ta,49.4,49.4
73,113,Ta,10.5,10.5
73,114,TA,0,0
73,115,Ta,0,0
73,116,Ta,0,0
73,117,TA,5.3,5.3
73,118,TA,300,300
73,119,TA,2.2,2.2
73,120,Ta,160,160
73,121,Ta,160,160
74,83,W,275,275
74,84,W,1.25,1.25
74,85,W,7.3,7.3
74,86,W,91,91
74,87,W,409,409
74,88,W,1.19,1.19
74,89,W,2.67,2.67
74,90,W,6.3,6.3
74,91,W,5.1,5.1
74,92,W,19.2,19.2
74,93,W,19.9,19.9
74,94,W,50.9,50.9
74,95,W,74,74
74,96,W,2.42,2.42
74,97,W,2.38,2.38
74,98,W,6.6,6.6
74,99,W,7.6,7.6
74,100,W,33.2,33.2
74,101,W,35.2,35.2
74,102,W,2.5,2.5
74,103,W,132,132
74,104,W,21.6,21.6
74,105,W,37.05,37.05
74,106,W,1.8E+18,1.80E+18
74,107,W,121.2,121.2
74,108,W,1E+20,1.00E+20
74,109,W,6.7E+20,6.70E+20
74,110,W,1E+20,1.00E+20
74,111,W,75.1,75.1
74,112,W,1E+20,1.00E+20
74,113,W,24,24
74,114,W,69.78,69.78
74,115,W,10.7,10.7
74,116,W,30,30
74,117,W,0,0
74,118,W,0,0
74,119,W,300,300
74,120,W,300,300
74,121,W,0,0
74,122,W,160,160
74,123,W,160,160
75,84,RE,NaN,
75,85,Re,0.82,0.82
75,86,Re,0.44,0.44
75,87,Re,107,107
75,88,Re,390,390
75,89,Re,0.53,0.53
75,90,Re,1.6,1.6
75,91,Re,2.25,2.25
75,92,Re,5.9,5.9
75,93,Re,4.4,4.4
75,94,Re,8.1,8.1
75,95,Re,9.2,9.2
75,96,Re,15.2,15.2
75,97,Re,15,15
75,98,Re,1.98,1.98
75,99,Re,2.4,2.4
75,100,Re,5.89,5.89
75,101,Re,5.3,5.3
75,102,Re,14,14
75,103,Re,13.2,13.2
75,104,Re,19.5,19.5
75,105,Re,2.46,2.46
75,106,Re,19.9,19.9
75,107,Re,64.2,64.2
75,108,Re,70,70
75,109,Re,35.4,35.4
75,110,Re,1E+20,1.00E+20
75,111,Re,3.7183,3.7183
75,112,Re,43300000000,4.33E+10
75,113,Re,17.004,17.004
75,114,Re,24.3,24.3
75,115,Re,3.1,3.1
75,116,Re,9.8,9.8
75,117,Re,16,16
75,118,Re,0,0
75,119,Re,5,5
75,120,RE,6,6
75,121,Re,3,3
75,122,Re,160,160
75,123,Re,160,160
75,124,Re,160,160
76,85,OS,0.64,0.64
76,86,Os,2.1,2.1
76,87,Os,5.5,5.5
76,88,Os,21,21
76,89,Os,71,71
76,90,Os,213,213
76,91,Os,0.81,0.81
76,92,Os,2.1,2.1
76,93,Os,3.43,3.43
76,94,Os,7.37,7.37
76,95,Os,8.3,8.3
76,96,Os,19.2,19.2
76,97,Os,22.4,22.4
76,98,Os,44,44
76,99,Os,1.4,1.4
76,100,Os,3.6,3.6
76,101,Os,3,3
76,102,Os,5,5
76,103,Os,6.5,6.5
76,104,Os,21.5,21.5
76,105,Os,105,105
76,106,Os,21.84,21.84
76,107,Os,13,13
76,108,Os,5.6E+13,5.60E+13
76,109,Os,93.6,93.6
76,110,Os,2E+15,2.00E+15
76,111,Os,1E+20,1.00E+20
76,112,Os,1E+20,1.00E+20
76,113,Os,1E+20,1.00E+20
76,114,Os,1E+20,1.00E+20
76,115,Os,15.4,15.4
76,116,Os,1E+20,1.00E+20
76,117,Os,30.11,30.11
76,118,Os,6,6
76,119,Os,6.5,6.5
76,120,Os,34.9,34.9
76,121,OS,2.8,2.8
76,122,OS,0,0
76,123,OS,5,5
76,124,OS,6,6
76,125,Os,160,160
76,126,Os,160,160
76,127,Os,160,160
77,87,Ir,NaN,
77,88,Ir,1,1
77,89,Ir,10.5,10.5
77,90,Ir,35.2,35.2
77,91,Ir,222,222
77,92,Ir,0.353,0.353
77,93,Ir,0.87,0.87
77,94,Ir,3.2,3.2
77,95,Ir,4.4,4.4
77,96,Ir,9,9
77,97,Ir,7.9,7.9
77,98,Ir,9,9
77,99,Ir,8.7,8.7
77,100,Ir,30,30
77,101,Ir,12,12
77,102,Ir,79,79
77,103,Ir,1.5,1.5
77,104,Ir,4.9,4.9
77,105,Ir,15,15
77,106,Ir,58,58
77,107,Ir,3.09,3.09
77,108,Ir,14.4,14.4
77,109,Ir,16.64,16.64
77,110,Ir,10.5,10.5
77,111,Ir,41.5,41.5
77,112,Ir,13.2,13.2
77,113,Ir,11.78,11.78
77,114,Ir,1E+20,1.00E+20
77,115,Ir,73.829,73.829
77,116,Ir,1E+20,1.00E+20
77,117,Ir,19.28,19.28
77,118,Ir,2.29,2.29
77,119,Ir,52,52
77,120,Ir,5.8,5.8
77,121,Ir,8,8
77,122,Ir,6,6
77,123,IR,300,300
77,124,IR,300,300
77,125,IR,11,11
77,126,Ir,160,160
77,127,Ir,160,160
77,128,Ir,160,160
78,88,Pt,300,300
78,89,Pt,0.7,0.7
78,90,Pt,2.02,2.02
78,91,Pt,7,7
78,92,Pt,13.8,13.8
78,93,Pt,45.5,45.5
78,94,Pt,97.6,97.6
78,95,Pt,382,382
78,96,Pt,0.889,0.889
78,97,Pt,2.53,2.53
78,98,Pt,6.33,6.33
78,99,Pt,10.6,10.6
78,100,Pt,20.7,20.7
78,101,Pt,21.2,21.2
78,102,Pt,56,56
78,103,Pt,52,52
78,104,Pt,2.67,2.67
78,105,Pt,6.5,6.5
78,106,Pt,17.3,17.3
78,107,Pt,70.9,70.9
78,108,Pt,2.08,2.08
78,109,Pt,2.35,2.35
78,110,Pt,10.2,10.2
78,111,Pt,10.87,10.87
78,112,Pt,6.5E+11,6.50E+11
78,113,Pt,2.83,2.83
78,114,Pt,1E+20,1.00E+20
78,115,Pt,50,50
78,116,Pt,1E+20,1.00E+20
78,117,Pt,1E+20,1.00E+20
78,118,Pt,1E+20,1.00E+20
78,119,Pt,19.8915,19.8915
78,120,Pt,1E+20,1.00E+20
78,121,Pt,30.8,30.8
78,122,Pt,12.6,12.6
78,123,Pt,2.5,2.5
78,124,Pt,44,44
78,125,PT,10,10
78,126,PT,10.3,10.3
78,127,PT,300,300
78,128,Pt,160,160
78,129,Pt,160,160
78,130,Pt,160,160
79,91,Au,0.3,0.3
79,92,Au,17,17
79,93,Au,22,22
79,94,Au,26.3,26.3
79,95,Au,120,120
79,96,Au,0,0
79,97,Au,0,0
79,98,Au,1462,1462
79,99,Au,2.6,2.6
79,100,Au,7.1,7.1
79,101,Au,8.4,8.4
79,102,Au,13.7,13.7
79,103,Au,15.5,15.5
79,104,Au,42.8,42.8
79,105,Au,20.6,20.6
79,106,Au,4.25,4.25
79,107,Au,10.7,10.7
79,108,Au,8.3,8.3
79,109,Au,8.84,8.84
79,110,Au,28.7,28.7
79,111,Au,42.8,42.8
79,112,Au,3.18,3.18
79,113,Au,4.94,4.94
79,114,Au,17.65,17.65
79,115,Au,38.02,38.02
79,116,Au,186.01,186.01
79,117,Au,6.1669,6.1669
79,118,Au,1E+20,1.00E+20
79,119,Au,2.6941,2.6941
79,120,Au,3.139,3.139
79,121,Au,48.4,48.4
79,122,Au,26,26
79,123,Au,28.4,28.4
79,124,Au,60,60
79,125,Au,39.8,39.8
79,126,Au,31,31
79,127,AU,40,40
79,128,AU,300,300
79,129,AU,300,300
79,130,AU,300,300
79,131,AU,300,300
80,91,HG,59,59
80,92,Hg,231,231
80,93,Hg,0.8,0.8
80,94,Hg,2.1,2.1
80,95,Hg,10.6,10.6
80,96,Hg,20.3,20.3
80,97,Hg,127.3,127.3
80,98,Hg,266.5,266.5
80,99,Hg,1.05,1.05
80,100,Hg,2.59,2.59
80,101,Hg,3.6,3.6
80,102,Hg,10.83,10.83
80,103,Hg,9.4,9.4
80,104,Hg,30.87,30.87
80,105,Hg,49.1,49.1
80,106,Hg,1.38,1.38
80,107,Hg,1.9,1.9
80,108,Hg,3.25,3.25
80,109,Hg,7.6,7.6
80,110,Hg,20,20
80,111,Hg,49,49
80,112,Hg,4.85,4.85
80,113,Hg,3.8,3.8
80,114,Hg,444,444
80,115,Hg,10.53,10.53
80,116,Hg,1E+20,1.00E+20
80,117,Hg,64.14,64.14
80,118,Hg,1E+20,1.00E+20
80,119,Hg,1E+20,1.00E+20
80,120,Hg,1E+20,1.00E+20
80,121,Hg,1E+20,1.00E+20
80,122,Hg,1E+20,1.00E+20
80,123,Hg,46.594,46.594
80,124,Hg,1E+20,1.00E+20
80,125,Hg,5.14,5.14
80,126,Hg,8.32,8.32
80,127,Hg,2.9,2.9
80,128,Hg,41,41
80,129,Hg,36,36
80,130,HG,0,0
80,131,HG,300,300
80,132,HG,300,300
80,133,HG,300,300
80,134,HG,300,300
80,135,HG,300,300
80,136,HG,300,300
81,95,TL,5.2,5.2
81,96,Tl,18,18
81,97,TL,254,254
81,98,Tl,0.23,0.23
81,99,Tl,1.09,1.09
81,100,Tl,3.2,3.2
81,101,Tl,3.1,3.1
81,102,Tl,6.9,6.9
81,103,Tl,10.1,10.1
81,104,Tl,19.5,19.5
81,105,Tl,27.5,27.5
81,106,Tl,51,51
81,107,Tl,71,71
81,108,Tl,2.3,2.3
81,109,Tl,2.6,2.6
81,110,Tl,0,0
81,111,Tl,9.6,9.6
81,112,Tl,21.6,21.6
81,113,Tl,33,33
81,114,Tl,1.16,1.16
81,115,Tl,1.84,1.84
81,116,Tl,2.84,2.84
81,117,Tl,5.3,5.3
81,118,Tl,7.42,7.42
81,119,Tl,26.1,26.1
81,120,Tl,3.0421,3.0421
81,121,Tl,12.31,12.31
81,122,Tl,1E+20,1.00E+20
81,123,Tl,3.783,3.783
81,124,Tl,1E+20,1.00E+20
81,125,Tl,4.202,4.202
81,126,Tl,4.77,4.77
81,127,Tl,3.053,3.053
81,128,Tl,2.162,2.162
81,129,Tl,1.3,1.3
81,130,TL,88,88
81,131,TL,96,96
81,132,TL,46,46
81,133,TL,300,300
81,134,TL,300,300
81,135,TL,300,300
81,136,TL,300,300
82,96,PB,0.12,0.12
82,97,PB,3.5,3.5
82,98,Pb,4.1,4.1
82,99,Pb,45,45
82,100,Pb,55,55
82,101,Pb,535,535
82,102,Pb,490,490
82,103,Pb,6.3,6.3
82,104,Pb,4.82,4.82
82,105,Pb,15.2,15.2
82,106,Pb,25.1,25.1
82,107,Pb,39,39
82,108,Pb,71,71
82,109,Pb,1.33,1.33
82,110,Pb,3.5,3.5
82,111,Pb,0,0
82,112,Pb,10.7,10.7
82,113,Pb,15,15
82,114,Pb,37,37
82,115,Pb,8.1,8.1
82,116,Pb,2.4,2.4
82,117,Pb,90,90
82,118,Pb,21.5,21.5
82,119,Pb,9.33,9.33
82,120,Pb,52500,5.25E+04
82,121,Pb,51.92,51.92
82,122,Pb,1.4E+17,1.40E+17
82,123,Pb,17300000,1.73E+07
82,124,Pb,1E+20,1.00E+20
82,125,Pb,1E+20,1.00E+20
82,126,Pb,1E+20,1.00E+20
82,127,Pb,3.234,3.234
82,128,Pb,22.2,22.2
82,129,Pb,36.1,36.1
82,130,Pb,10.64,10.64
82,131,Pb,10.2,10.2
82,132,Pb,27.06,27.06
82,133,PB,147,147
82,134,PB,300,300
82,135,PB,300,300
82,136,PB,300,300
82,137,PB,300,300
82,138,PB,300,300
83,101,Bi,13,13
83,102,Bi,58,58
83,103,Bi,15,15
83,104,Bi,37,37
83,105,Bi,0.21,0.21
83,106,Bi,658,658
83,107,Bi,6.3,6.3
83,108,Bi,12.4,12.4
83,109,Bi,34.6,34.6
83,110,Bi,63.6,63.6
83,111,Bi,95,95
83,112,Bi,183,183
83,113,Bi,308,308
83,114,Bi,9.33,9.33
83,115,Bi,10.3,10.3
83,116,Bi,27,27
83,117,Bi,36.4,36.4
83,118,Bi,103,103
83,119,Bi,1.71,1.71
83,120,Bi,11.76,11.76
83,121,Bi,11.22,11.22
83,122,Bi,15.31,15.31
83,123,Bi,6.243,6.243
83,124,Bi,31.55,31.55
83,125,Bi,368000,3.68E+05
83,126,Bi,2.01E+19,2.01E+19
83,127,Bi,5.012,5.012
83,128,Bi,2.14,2.14
83,129,Bi,60.55,60.55
83,130,Bi,45.59,45.59
83,131,Bi,19.9,19.9
83,132,Bi,7.6,7.6
83,133,Bi,2.25,2.25
83,134,Bi,98.5,98.5
83,135,Bi,33,33
83,136,BI,22,22
83,137,BI,300,300
83,138,BI,300,300
83,140,BI,300,300
83,141,BI,300,300
84,102,Po,28,28
84,103,PO,1.4,1.4
84,104,Po,0.4,0.4
84,105,Po,3.5,3.5
84,106,Po,2.46,2.46
84,107,Po,22,22
84,108,Po,32.2,32.2
84,109,Po,388,388
84,110,Po,0.392,0.392
84,111,Po,4.64,4.64
84,112,Po,5.8,5.8
84,113,Po,84,84
84,114,Po,1.76,1.76
84,115,Po,5.47,5.47
84,116,Po,11.51,11.51
84,117,Po,15.6,15.6
84,118,Po,44.6,44.6
84,119,Po,36.7,36.7
84,120,Po,3.519,3.519
84,121,Po,1.74,1.74
84,122,Po,8.8,8.8
84,123,Po,5.8,5.8
84,124,Po,2.898,2.898
84,125,Po,124,124
84,126,Po,138.376,138.376
84,127,Po,0.516,0.516
84,128,Po,0.299,0.299
84,129,Po,3.72,3.72
84,130,Po,164.3,164.3
84,131,Po,1.781,1.781
84,132,Po,0.145,0.145
84,133,Po,1.46,1.46
84,134,Po,3.098,3.098
84,135,Po,620,620
84,136,Po,300,300
84,137,Po,112,112
84,138,PO,550,550
84,139,PO,300,300
84,140,PO,300,300
84,141,PO,300,300
84,142,PO,300,300
84,143,PO,300,300
85,106,At,1.7,1.7
85,107,At,88,88
85,108,At,28,28
85,109,At,40,40
85,110,At,290,290
85,111,At,0.388,0.388
85,112,At,0.388,0.388
85,113,At,4.2,4.2
85,114,At,7.03,7.03
85,115,At,43,43
85,116,At,85.2,85.2
85,117,At,184,184
85,118,At,7.4,7.4
85,119,At,9.12,9.12
85,120,At,26.9,26.9
85,121,At,30.6,30.6
85,122,At,1.81,1.81
85,123,At,1.63,1.63
85,124,At,5.42,5.42
85,125,At,8.1,8.1
85,126,At,7.214,7.214
85,127,At,0.314,0.314
85,128,At,125,125
85,129,At,558,558
85,130,At,0.1,0.1
85,131,At,0.3,0.3
85,132,At,32.3,32.3
85,133,At,1.5,1.5
85,134,At,56,56
85,135,At,3.71,3.71
85,136,At,2.3,2.3
85,137,At,54,54
85,138,At,50,50
85,139,AT,1.3,1.3
85,140,AT,300,300
85,141,AT,300,300
85,142,AT,300,300
85,143,AT,300,300
85,144,AT,300,300
86,108,RN,0.78,0.78
86,109,Rn,6,6
86,110,Rn,4.4,4.4
86,111,Rn,65,65
86,112,Rn,65,65
86,113,Rn,0.59,0.59
86,114,Rn,1.03,1.03
86,115,Rn,7,7
86,116,Rn,9.7,9.7
86,117,Rn,44,44
86,118,Rn,74.5,74.5
86,119,Rn,170,170
86,120,Rn,5.67,5.67
86,121,Rn,9.25,9.25
86,122,Rn,24.35,24.35
86,123,Rn,28.8,28.8
86,124,Rn,2.4,2.4
86,125,Rn,14.6,14.6
86,126,Rn,23.9,23.9
86,127,Rn,19.5,19.5
86,128,Rn,0.27,0.27
86,129,Rn,2.3,2.3
86,130,Rn,45,45
86,131,Rn,0.54,0.54
86,132,Rn,35,35
86,133,Rn,3.96,3.96
86,134,Rn,55.6,55.6
86,135,Rn,25,25
86,136,Rn,3.8235,3.8235
86,137,Rn,24.3,24.3
86,138,Rn,107,107
86,139,Rn,4.66,4.66
86,140,Rn,7.4,7.4
86,141,Rn,20.2,20.2
86,142,Rn,65,65
86,143,RN,12,12
87,110,Fr,0.6,0.6
87,111,Fr,15,15
87,112,Fr,12,12
87,113,Fr,49,49
87,114,Fr,62,62
87,115,Fr,0.3,0.3
87,116,Fr,0.55,0.55
87,117,Fr,1.8,1.8
87,118,Fr,3.92,3.92
87,119,Fr,16,16
87,120,Fr,14.8,14.8
87,121,Fr,59.1,59.1
87,122,Fr,50.5,50.5
87,123,Fr,3.18,3.18
87,124,Fr,3.1,3.1
87,125,Fr,20,20
87,126,Fr,34.82,34.82
87,127,Fr,5,5
87,128,Fr,86,86
87,129,Fr,0.7,0.7
87,130,Fr,19,19
87,131,Fr,1,1
87,132,Fr,20,20
87,133,Fr,27.4,27.4
87,134,Fr,4.9,4.9
87,135,Fr,14.2,14.2
87,136,Fr,22,22
87,137,Fr,3.33,3.33
87,138,Fr,3.95,3.95
87,139,Fr,49,49
87,140,Fr,2.47,2.47
87,141,Fr,38,38
87,142,Fr,50.2,50.2
87,143,Fr,19.1,19.1
87,144,Fr,17.6,17.6
87,145,Fr,5.5,5.5
87,146,FR,0.9,0.9
88,113,RA,1.6,1.6
88,114,Ra,16,16
88,115,Ra,31,31
88,116,Ra,57,57
88,117,Ra,210,210
88,118,Ra,0.24,0.24
88,119,Ra,1.35,1.35
88,120,Ra,1.3,1.3
88,121,Ra,4.8,4.8
88,122,Ra,3.7,3.7
88,123,Ra,13,13
88,124,Ra,13,13
88,125,Ra,2.73,2.73
88,126,Ra,2.46,2.46
88,127,Ra,1.66,1.66
88,128,Ra,182,182
88,129,Ra,1.6,1.6
88,130,Ra,25.2,25.2
88,131,Ra,10,10
88,132,Ra,18,18
88,133,Ra,28,28
88,134,Ra,38,38
88,135,Ra,11.43,11.43
88,136,Ra,3.6319,3.6319
88,137,Ra,14.9,14.9
88,138,Ra,1600,1600
88,139,Ra,42.2,42.2
88,140,Ra,5.75,5.75
88,141,Ra,4,4
88,142,Ra,93,93
88,143,Ra,104,104
88,144,Ra,4.2,4.2
88,145,Ra,30,30
88,146,Ra,30,30
89,116,Ac,20,20
89,117,Ac,22,22
89,118,Ac,27,27
89,119,Ac,95,95
89,120,Ac,0.087,0.087
89,121,Ac,0.35,0.35
89,122,Ac,0.21,0.21
89,123,Ac,0.93,0.93
89,124,Ac,738,738
89,125,Ac,8.2,8.2
89,126,Ac,0.17,0.17
89,127,Ac,440,440
89,128,Ac,69,69
89,129,Ac,1.08,1.08
89,130,Ac,11.8,11.8
89,131,Ac,26.4,26.4
89,132,Ac,52,52
89,133,Ac,5,5
89,134,Ac,2.1,2.1
89,135,Ac,2.78,2.78
89,136,Ac,9.9203,9.9203
89,137,Ac,29.37,29.37
89,138,Ac,21.772,21.772
89,139,Ac,6.15,6.15
89,140,Ac,62.7,62.7
89,141,Ac,122,122
89,142,Ac,7.5,7.5
89,143,Ac,119,119
89,144,Ac,145,145
89,145,Ac,44,44
89,146,AC,62,62
89,147,Ac,1.2,1.2
90,118,TH,1.7,1.7
90,119,Th,2.5,2.5
90,120,Th,16,16
90,121,Th,37,37
90,122,Th,31.7,31.7
90,123,Th,144,144
90,124,Th,87,87
90,125,Th,1.2,1.2
90,126,Th,26,26
90,127,Th,0.241,0.241
90,128,Th,117,117
90,129,Th,1.05,1.05
90,130,Th,9.7,9.7
90,131,Th,1.74,1.74
90,132,Th,2.24,2.24
90,133,Th,0.6,0.6
90,134,Th,1.04,1.04
90,135,Th,8.75,8.75
90,136,Th,30.57,30.57
90,137,Th,18.697,18.697
90,138,Th,1.9116,1.9116
90,139,Th,7880,7880
90,140,Th,75400,7.54E+04
90,141,Th,25.52,25.52
90,142,Th,14000000000,1.40E+10
90,143,Th,21.83,21.83
90,144,Th,24.1,24.1
90,145,Th,7.2,7.2
90,146,Th,37.3,37.3
90,147,Th,4.8,4.8
90,148,Th,9.4,9.4
91,120,Pa,300,300
91,121,Pa,5.1,5.1
91,122,Pa,5.3,5.3
91,123,Pa,17,17
91,124,Pa,14,14
91,125,Pa,0.15,0.15
91,126,Pa,3.6,3.6
91,127,Pa,113,113
91,128,Pa,53,53
91,129,Pa,0.78,0.78
91,130,Pa,5.9,5.9
91,131,Pa,2.9,2.9
91,132,Pa,5.1,5.1
91,133,Pa,0.846,0.846
91,134,Pa,1.7,1.7
91,135,Pa,1.8,1.8
91,136,Pa,38.3,38.3
91,137,Pa,22,22
91,138,Pa,1.5,1.5
91,139,Pa,17.4,17.4
91,140,Pa,32800,3.28E+04
91,141,Pa,1.32,1.32
91,142,Pa,26.975,26.975
91,143,Pa,6.7,6.7
91,144,Pa,24.4,24.4
91,145,Pa,9.1,9.1
91,146,Pa,8.7,8.7
91,147,Pa,2.28,2.28
91,148,Pa,1.8,1.8
92,123,U,0.7,0.7
92,124,U,4.5,4.5
92,125,U,16,16
92,126,U,0.51,0.51
92,127,U,42,42
92,129,U,0.66,0.66
92,130,U,4.7,4.7
92,131,U,18,18
92,132,U,0.84,0.84
92,133,U,69,69
92,134,U,268,268
92,135,U,1.1,1.1
92,136,U,9.1,9.1
92,137,U,58,58
92,138,U,20.23,20.23
92,139,U,4.2,4.2
92,140,U,68.9,68.9
92,141,U,159000,1.59E+05
92,142,U,246000,2.46E+05
92,143,U,704000000,7.04E+08
92,144,U,23400000,2.34E+07
92,145,U,6.752,6.752
92,146,U,4470000000,4.47E+09
92,147,U,23.45,23.45
92,148,U,14.1,14.1
92,149,U,NaN,
92,150,U,16.8,16.8
92,151,U,NaN,
92,152,U,NaN,
92,153,U,NaN,
92,154,U,NaN,
92,155,U,NaN,
92,156,U,NaN,
92,157,U,NaN,
92,158,U,NaN,
92,159,U,NaN,
92,160,U,NaN,
92,161,U,NaN,
92,162,U,NaN,
92,163,U,NaN,
93,126,Np,5,5
93,132,Np,3.6,3.6
93,133,Np,35,35
93,134,Np,0.51,0.51
93,135,Np,61.4,61.4
93,136,Np,4,4
93,137,Np,4.6,4.6
93,138,Np,48.8,48.8
93,139,Np,14.7,14.7
93,140,Np,36.2,36.2
93,141,Np,4.4,4.4
93,142,Np,396.1,396.1
93,143,Np,153000,1.53E+05
93,144,Np,2140000,2.14E+06
93,145,Np,2.099,2.099
93,146,Np,2.356,2.356
93,147,Np,61.9,61.9
93,148,Np,13.9,13.9
93,149,Np,2.2,2.2
93,150,Np,1.85,1.85
93,151,Np,2.29,2.29
94,134,Pu,1.1,1.1
94,135,Pu,90,90
94,136,Pu,102,102
94,137,Pu,8.6,8.6
94,138,Pu,33.8,33.8
94,139,Pu,20.9,20.9
94,140,Pu,8.8,8.8
94,141,Pu,25.3,25.3
94,142,Pu,2.858,2.858
94,143,Pu,45.64,45.64
94,144,Pu,87.7,87.7
94,145,Pu,24110,24110
94,146,Pu,6561,6561
94,147,Pu,14.329,14.329
94,148,Pu,375000,3.75E+05
94,149,Pu,4.956,4.956
94,150,Pu,80000000,8.00E+07
94,151,Pu,10.5,10.5
94,152,Pu,10.84,10.84
94,153,Pu,2.27,2.27
95,128,Am,5,5
95,134,Am,0.9,0.9
95,135,AM,31,31
95,137,Am,79,79
95,138,Am,3.2,3.2
95,139,Am,2.32,2.32
95,140,Am,10.3,10.3
95,141,Am,3.6,3.6
95,142,Am,73.6,73.6
95,143,Am,98,98
95,144,Am,11.9,11.9
95,145,Am,50.8,50.8
95,146,Am,432.6,432.6
95,147,Am,16.02,16.02
95,148,Am,7364,7364
95,149,Am,10.1,10.1
95,150,Am,2.05,2.05
95,151,Am,39,39
95,152,Am,23,23
95,153,Am,NaN,
96,137,Cm,NaN,
96,138,Cm,51,51
96,139,Cm,NaN,
96,140,Cm,NaN,
96,141,Cm,NaN,
96,142,Cm,2.2,2.2
96,143,Cm,2.7,2.7
96,144,Cm,27,27
96,145,Cm,32.8,32.8
96,146,Cm,162.8,162.8
96,147,Cm,29.1,29.1
96,148,Cm,18.1,18.1
96,149,Cm,8423,8423
96,150,Cm,4706,4706
96,151,Cm,15600000,1.56E+07
96,152,Cm,348000,3.48E+05
96,153,Cm,64.15,64.15
96,154,Cm,8300,8.30E+03
96,155,Cm,16.8,16.8
96,156,Cm,2,2
97,136,Bk,21,21
97,137,BK,140,1.40E+02
97,141,Bk,144,144
97,142,BK,NaN,
97,143,Bk,4.8,4.8
97,144,Bk,4.6,4.6
97,145,Bk,7,7
97,146,Bk,4.6,4.6
97,147,Bk,4.35,4.35
97,148,Bk,4.95,4.95
97,149,Bk,1.8,1.8
97,150,Bk,1380,1380
97,151,Bk,9,9
97,152,Bk,330,330
97,153,Bk,3.212,3.212
97,154,Bk,55.6,55.6
97,155,Bk,NaN,
97,156,Bk,10,10
98,139,Cf,2.1,2.1
98,140,Cf,21.1,21.1
98,141,Cf,39,39
98,142,Cf,0.96,0.96
98,143,Cf,3.78,3.78
98,144,Cf,3.7,3.7
98,145,Cf,10.7,10.7
98,146,Cf,19.4,19.4
98,147,Cf,45,45
98,148,Cf,35.7,35.7
98,149,Cf,3.11,3.11
98,150,Cf,333.5,333.5
98,151,Cf,351,351
98,152,Cf,13.08,13.08
98,153,Cf,898,898
98,154,Cf,2.645,2.645
98,155,Cf,17.81,17.81
98,156,Cf,60.5,60.5
98,157,Cf,85,85
98,158,Cf,12.3,12.3
99,142,Es,8,8
99,143,Es,13.5,13.5
99,144,Es,21,21
99,145,Es,37,37
99,146,Es,1.1,1.1
99,147,Es,7.5,7.5
99,148,Es,NaN,
99,149,Es,24,24
99,150,Es,102.2,102.2
99,151,Es,8.6,8.6
99,152,Es,33,33
99,153,Es,471.7,471.7
99,154,Es,20.47,20.47
99,155,Es,275.7,275.7
99,156,Es,39.8,39.8
99,157,Es,25.4,25.4
99,158,Es,7.7,7.7
100,141,FM,0.73,0.73
100,142,Fm,0.8,0.8
100,143,Fm,231,231
100,144,Fm,3.3,3.3
100,145,Fm,4.2,4.2
100,146,Fm,1.54,1.54
100,147,Fm,31,31
100,148,Fm,34.5,34.5
100,149,Fm,2.6,2.6
100,150,Fm,30,30
100,151,Fm,5.3,5.3
100,152,Fm,25.39,25.39
100,153,Fm,3,3
100,154,Fm,3.24,3.24
100,155,Fm,20.07,20.07
100,156,Fm,157.6,157.6
100,157,Fm,100.5,100.5
100,158,Fm,370,370
100,159,Fm,1.5,1.5
101,144,Md,0.9,0.9
101,145,Md,0.9,0.9
101,146,Md,1.2,1.2
101,147,Md,7,7
101,148,Md,21.7,21.7
101,149,Md,52,52
101,150,Md,4,4
101,151,Md,2.3,2.3
101,152,Md,6,6
101,153,Md,10,10
101,154,Md,27,27
101,155,Md,77,77
101,156,Md,5.52,5.52
101,157,Md,51.5,51.5
101,158,Md,1.6,1.6
101,159,Md,31.8,31.8
102,146,No,2,2
102,148,No,4.2,4.2
102,149,No,0.8,0.8
102,150,No,2.44,2.44
102,151,No,1.62,1.62
102,152,No,51,51
102,153,No,3.52,3.52
102,154,No,2.91,2.91
102,155,No,24.5,24.5
102,156,No,1.2,1.2
102,157,No,58,58
102,158,No,106,106
102,160,No,5,5
103,149,Lr,0.36,0.36
103,150,Lr,0.57,0.57
103,151,Lr,13,13
103,152,Lr,31.1,31.1
103,153,Lr,27,27
103,154,Lr,4,4
103,155,Lr,4.1,4.1
103,156,Lr,6.2,6.2
103,157,Lr,180,180
103,158,Lr,39,39
103,159,Lr,4,4
103,163,Lr,11,11
104,149,Rf,11,11
104,150,Rf,23,23
104,151,Rf,1.68,1.68
104,152,Rf,6.67,6.67
104,153,Rf,4.4,4.4
104,154,Rf,12,12
104,155,Rf,2.4,2.4
104,156,Rf,21,21
104,157,Rf,68,68
104,158,Rf,2.3,2.3
104,159,Rf,10,10
104,161,Rf,1,1
104,163,Rf,NaN,
105,150,Db,1.6,1.6
105,151,Db,1.6,1.6
105,152,Db,2.3,2.3
105,153,Db,4,4
105,154,Db,0.51,0.51
105,155,Db,1.52,1.52
105,156,Db,1.8,1.8
105,157,Db,35,35
105,158,Db,27,27
105,161,Db,NaN,
105,162,Db,NaN,
105,163,Db,32,32
105,165,DB,23,23
106,152,Sg,2.9,2.9
106,153,Sg,0.29,0.29
106,154,Sg,3.6,3.6
106,155,Sg,0.23,0.23
106,156,Sg,6.9,6.9
106,157,Sg,1,1
106,158,Sg,37,37
106,159,Sg,14.4,14.4
106,160,Sg,21,21
106,163,SG,3.1,3.1
106,165,Sg,2.4,2.4
107,153,Bh,35,35
107,154,Bh,12,12
107,155,Bh,102,102
107,156,Bh,NaN,
107,157,Bh,0.44,0.44
107,158,Bh,NaN,
107,159,Bh,1.7,1.7
107,160,Bh,17,17
107,163,BH,NaN,
107,164,Bh,NaN,
107,165,Bh,10,10
107,167,BH,54,54
108,155,Hs,NaN,
108,156,Hs,0.8,0.8
108,157,Hs,2,2
108,158,Hs,2.3,2.3
108,159,Hs,52,52
108,161,Hs,9.7,9.7
108,162,Hs,3.6,3.6
108,165,HS,0.76,0.76
108,167,Hs,0.15,0.15
108,169,HS,3,3
109,157,Mt,1.7,1.7
109,159,Mt,21,21
109,161,Mt,5,5
109,165,Mt,0.45,0.45
109,166,Mt,NaN,
109,167,Mt,0.72,0.72
109,168,Mt,5,5
109,169,MT,7.6,7.6
110,157,Ds,NaN,
110,159,Ds,NaN,
110,160,Ds,0.1,0.1
110,161,Ds,1.63,1.63
110,163,Ds,0.17,0.17
110,167,DS,4.1,4.1
110,169,Ds,0.18,0.18
110,171,Ds,9.6,9.6
111,161,Rg,3.8,3.8
111,163,Rg,NaN,
111,167,Rg,4.2,4.2
111,168,Rg,0.17,0.17
111,169,Rg,3.6,3.6
111,170,RG,26,26
111,171,RG,0.5,0.5
112,165,CN,0.69,0.69
112,169,CN,0.13,0.13
112,170,CN,0.5,0.5
112,171,CN,4,4
112,172,CN,101,101
112,173,CN,34,34
113,165,Nh,NaN,
113,169,Nh,NaN,
113,170,Nh,NaN,
113,171,Nh,0.48,0.48
113,172,Nh,5.5,5.5
113,173,Nh,20,20
114,170,Fl,2.5,2.5
114,171,FL,0.15,0.15
114,172,FL,0.16,0.16
114,173,FL,0.51,0.51
114,174,FL,0.8,0.8
114,175,FL,2.7,2.7
115,172,Mc,NaN,
115,173,Mc,NaN,
115,174,Mc,0.22,0.22
115,175,Mc,16,16
116,174,LV,15,15
116,175,LV,NaN,
116,176,LV,18,18
116,177,LV,53,53
117,176,Ts,14,14
117,177,Ts,NaN,
118,176,Og,1.8,1.8
